Age,Gender,Daily_Usage_Hours,Device_Type,Sleep_Duration_Hours,Sleep_Quality_Score,Late_Night_Usage
19,Female,7.5,Smartphone,5.9,2,TRUE
19,Female,4.6,Smartphone,7.9,3,TRUE
17,Female,10.9,Smartphone,5.2,1,TRUE
16,Female,6,Tablet,7.6,4,TRUE
17,Male,3.3,Smartphone,7.6,4,TRUE
16,Male,6.2,Smartphone,5.9,1,FALSE
20,Male,5.6,Smartphone,8.3,3,FALSE
19,Female,1.2,Smartphone,8.1,5,FALSE
18,Female,3.3,Smartphone,6.4,2,FALSE
18,Female,4.7,Smartphone,7.9,2,FALSE
15,Female,4.4,Smartphone,5.8,2,FALSE
20,Male,7.8,Smartphone,7.2,2,TRUE
19,Female,9.5,Smartphone,5.3,1,TRUE
23,Non-Binary,1.9,Smartphone,8.9,5,FALSE
19,Male,6.6,Tablet,5.7,3,FALSE
19,Female,2.6,Smartphone,7.3,4,FALSE
18,Male,2.3,Tablet,6.4,2,TRUE
17,Male,7.2,Smartphone,6.4,2,FALSE
19,Female,4.7,Smartphone,6.5,3,FALSE
20,Female,4.7,Smartphone,6.9,2,FALSE
17,Male,3.5,Smartphone,7.9,3,FALSE
16,Female,2.4,Smartphone,7.4,3,TRUE
23,Male,7.4,Laptop/PC,6.3,2,TRUE
17,Female,11.2,Smartphone,5.2,2,TRUE
18,Female,3.4,Smartphone,8.2,4,FALSE
20,Female,3,Smartphone,8.8,4,FALSE
20,Female,4.3,Smartphone,8.1,3,FALSE
19,Male,4.7,Laptop/PC,8.4,3,TRUE
18,Female,3.6,Smartphone,7.5,3,FALSE
18,Male,3.8,Smartphone,7.1,2,TRUE
18,Male,3.6,Smartphone,6.7,3,TRUE
20,Male,8.3,Smartphone,5.6,1,TRUE
17,Female,3.4,Smartphone,6.6,2,TRUE
18,Female,1.1,Smartphone,7.3,3,FALSE
21,Female,4.7,Smartphone,6.8,3,FALSE
18,Male,4.8,Smartphone,6.4,2,FALSE
20,Male,2,Smartphone,7.5,5,FALSE
20,Male,7.1,Smartphone,6.2,2,TRUE
18,Female,8,Smartphone,5.5,1,TRUE
17,Male,3.3,Laptop/PC,6,1,FALSE
18,Male,5.8,Laptop/PC,5.7,2,TRUE
16,Female,4.3,Smartphone,6.8,4,FALSE
19,Male,3.9,Smartphone,6.9,2,FALSE
20,Male,8.3,Smartphone,6.3,1,TRUE
21,Female,7.6,Smartphone,5.9,1,TRUE
17,Male,4.3,Smartphone,5.4,2,FALSE
19,Female,4,Smartphone,6.5,2,TRUE
21,Male,3.5,Smartphone,6.6,3,TRUE
17,Female,4.1,Smartphone,5.8,2,TRUE
21,Female,5.9,Smartphone,6.5,2,FALSE
15,Female,8.6,Smartphone,6.4,1,TRUE
19,Prefer not to say,2.9,Smartphone,6.7,2,TRUE
19,Female,5.9,Smartphone,6.2,2,TRUE
22,Male,4.9,Laptop/PC,7.8,3,FALSE
17,Female,3.9,Smartphone,7.2,4,FALSE
16,Female,6.9,Smartphone,6.7,1,TRUE
21,Female,4,Smartphone,6.6,2,FALSE
21,Female,3.8,Smartphone,6.7,3,FALSE
17,Male,2.7,Smartphone,8.7,4,TRUE
26,Female,3.1,Smartphone,8.4,4,TRUE
18,Male,4.1,Laptop/PC,6.4,1,FALSE
18,Male,5.4,Smartphone,7.8,4,TRUE
21,Male,8,Smartphone,5.7,2,TRUE
21,Female,7.6,Smartphone,6.7,2,TRUE
19,Male,2.8,Smartphone,6.6,2,TRUE
16,Female,3,Smartphone,7.6,4,FALSE
19,Female,4.2,Smartphone,7.9,4,FALSE
19,Female,2.5,Smartphone,6.9,3,TRUE
20,Female,4.6,Smartphone,5.2,2,TRUE
18,Male,4.1,Smartphone,7.5,2,TRUE
19,Female,4.4,Smartphone,7.1,1,FALSE
21,Female,10.2,Smartphone,6.1,1,TRUE
18,Female,3,Smartphone,7.4,4,FALSE
19,Male,6.9,Smartphone,6,2,TRUE
18,Male,4,Smartphone,7.1,3,FALSE
19,Female,8.3,Smartphone,7.2,1,TRUE
17,Female,6.1,Smartphone,6,2,TRUE
19,Male,4.8,Smartphone,7.8,4,FALSE
21,Male,3.6,Smartphone,7.2,2,TRUE
20,Prefer not to say,6.2,Smartphone,6.8,2,TRUE
18,Female,8.5,Smartphone,5.5,1,TRUE
18,Female,4.5,Smartphone,8,3,FALSE
20,Male,3.3,Smartphone,9.7,5,FALSE
17,Female,7.6,Smartphone,6.4,2,FALSE
19,Female,3.2,Smartphone,6.1,3,TRUE
18,Male,3.1,Smartphone,8.5,4,TRUE
16,Male,3.2,Laptop/PC,8.8,5,FALSE
18,Female,6.8,Smartphone,6.6,2,TRUE
20,Male,3.1,Tablet,7.1,3,FALSE
18,Non-Binary,14,Smartphone,4.7,1,TRUE
18,Female,2.6,Smartphone,7.3,3,TRUE
19,Male,5.2,Smartphone,5.6,1,TRUE
20,Male,3,Smartphone,6.4,3,TRUE
18,Female,10.8,Tablet,5.8,2,FALSE
17,Female,8.8,Smartphone,4.3,1,TRUE
20,Male,5.8,Smartphone,4.8,1,FALSE
21,Female,5.5,Smartphone,6.5,2,TRUE
19,Female,3,Laptop/PC,9.6,4,FALSE
19,Female,3.5,Smartphone,8.7,4,TRUE
17,Male,6.6,Smartphone,7.3,4,TRUE
19,Male,6.4,Laptop/PC,5.4,1,TRUE
21,Male,6.2,Laptop/PC,6.9,3,TRUE
21,Non-Binary,3.1,Smartphone,7.7,3,FALSE
23,Male,4.7,Smartphone,7.4,3,TRUE
20,Male,3.2,Smartphone,6.4,2,FALSE
17,Female,12.3,Tablet,4.8,1,TRUE
19,Non-Binary,4.4,Smartphone,8.3,3,FALSE
18,Female,5.7,Laptop/PC,6,3,TRUE
19,Male,3.2,Smartphone,7.4,4,FALSE
17,Male,2,Smartphone,7.7,3,FALSE
18,Female,6.3,Smartphone,3.7,1,TRUE
20,Female,6.9,Smartphone,7.2,1,TRUE
22,Female,4.3,Smartphone,7.1,3,TRUE
16,Female,6.6,Smartphone,6.8,2,FALSE
22,Male,5.3,Smartphone,5.8,2,TRUE
20,Female,5.9,Smartphone,7.1,3,TRUE
18,Male,11.6,Smartphone,5.1,1,TRUE
18,Female,6.6,Smartphone,6.2,1,TRUE
18,Female,7,Smartphone,7.2,3,TRUE
17,Male,2.8,Smartphone,8.5,4,FALSE
21,Non-Binary,4.2,Smartphone,6.6,3,TRUE
20,Female,4.5,Smartphone,7.9,2,FALSE
20,Male,4.1,Smartphone,6.9,3,TRUE
21,Female,4.4,Smartphone,6.1,2,FALSE
19,Male,4.6,Laptop/PC,6.9,3,FALSE
18,Male,3.2,Smartphone,6.9,2,TRUE
17,Female,4.2,Smartphone,7.1,3,FALSE
22,Male,6.1,Smartphone,7.5,2,FALSE
18,Female,5.5,Smartphone,8.1,3,TRUE
18,Female,4.5,Smartphone,5.1,1,TRUE
18,Female,5.7,Tablet,7,3,TRUE
22,Female,1.2,Smartphone,8.9,3,TRUE
17,Female,5.8,Smartphone,5.2,1,TRUE
17,Female,1.7,Smartphone,7.3,4,FALSE
18,Female,9,Smartphone,5.4,1,TRUE
21,Female,6.1,Smartphone,6.3,2,TRUE
21,Male,4.1,Smartphone,7.2,2,TRUE
17,Female,5.7,Smartphone,6.4,2,TRUE
19,Female,4.2,Smartphone,7.6,3,FALSE
17,Male,6.5,Smartphone,4.8,1,TRUE
21,Female,2.1,Laptop/PC,7.2,3,FALSE
18,Female,7.2,Smartphone,6.3,3,FALSE
20,Male,7.3,Smartphone,5.8,2,TRUE
19,Female,2.8,Smartphone,7,2,FALSE
19,Male,8,Smartphone,5.1,2,FALSE
22,Male,4.9,Smartphone,8.2,3,FALSE
17,Male,6.3,Smartphone,7.4,2,TRUE
18,Prefer not to say,1.8,Smartphone,7.3,3,FALSE
19,Female,10.3,Smartphone,5.7,2,TRUE
18,Female,4.9,Smartphone,8.4,3,FALSE
17,Male,6.2,Smartphone,6.3,2,TRUE
21,Male,3.7,Smartphone,6.8,3,TRUE
18,Female,5.7,Smartphone,6.7,3,TRUE
19,Male,3.8,Laptop/PC,7.3,3,FALSE
17,Male,4.3,Smartphone,7.8,3,TRUE
15,Female,4.7,Smartphone,8.5,3,TRUE
18,Female,5.5,Smartphone,6.1,2,FALSE
16,Female,10,Smartphone,5.5,1,TRUE
19,Male,4.3,Smartphone,5.7,2,TRUE
18,Female,2.9,Smartphone,6.6,3,TRUE
18,Male,4.5,Smartphone,7.1,3,FALSE
20,Female,4.3,Smartphone,8,4,FALSE
15,Male,4.5,Smartphone,7.6,4,TRUE
19,Female,4.2,Smartphone,7.2,3,FALSE
19,Female,2.7,Smartphone,5.8,2,TRUE
20,Male,4.6,Smartphone,7.8,4,TRUE
19,Prefer not to say,4.7,Smartphone,5.7,1,TRUE
26,Non-Binary,4.7,Smartphone,7,3,FALSE
19,Male,5.2,Laptop/PC,5.9,2,FALSE
19,Female,6,Smartphone,6,3,TRUE
18,Male,2.7,Laptop/PC,6.7,2,TRUE
17,Female,9.2,Smartphone,5.4,1,TRUE
20,Female,7.4,Tablet,6.1,1,TRUE
21,Male,7.8,Smartphone,5.7,2,TRUE
18,Female,13.6,Smartphone,4.5,1,FALSE
22,Female,7.9,Smartphone,5.5,1,TRUE
19,Male,4.8,Smartphone,6.3,3,FALSE
20,Female,8.5,Smartphone,6.1,1,TRUE
19,Female,7.3,Smartphone,4.5,1,TRUE
21,Male,6.6,Smartphone,6.2,2,TRUE
21,Female,5.7,Smartphone,5.3,1,FALSE
21,Prefer not to say,5.7,Smartphone,6.4,2,TRUE
16,Non-Binary,2.2,Smartphone,7.9,3,TRUE
20,Female,7.9,Smartphone,6.4,2,TRUE
25,Male,4.9,Smartphone,5.7,3,TRUE
17,Male,5.8,Smartphone,5.2,2,TRUE
17,Male,4.4,Smartphone,8.2,3,FALSE
16,Female,14,Smartphone,5.2,1,TRUE
18,Female,7.9,Smartphone,5.6,1,TRUE
20,Female,3.8,Smartphone,8.3,3,FALSE
19,Female,3.3,Laptop/PC,6.2,3,FALSE
20,Female,7.4,Laptop/PC,5.1,1,TRUE
17,Male,4.4,Smartphone,8.1,4,TRUE
19,Male,3.6,Smartphone,8.2,3,FALSE
22,Male,7,Laptop/PC,4.4,1,FALSE
20,Male,2,Smartphone,7.6,3,TRUE
18,Male,2.4,Smartphone,6.4,2,FALSE
18,Female,5.1,Smartphone,7.8,3,TRUE
17,Male,4.1,Laptop/PC,6,2,FALSE
21,Male,3.9,Smartphone,8.2,4,FALSE
18,Female,6.9,Smartphone,5.5,1,TRUE
20,Female,2.8,Smartphone,7,2,FALSE
17,Male,4.4,Smartphone,5.8,1,FALSE
15,Female,14,Smartphone,4.8,1,TRUE
21,Male,4.1,Smartphone,7.1,2,FALSE
21,Male,5.4,Smartphone,7.4,3,FALSE
19,Female,3.5,Smartphone,8.5,4,TRUE
16,Male,9.4,Smartphone,5.4,1,TRUE
19,Male,1.4,Smartphone,7.9,3,FALSE
18,Male,5.3,Smartphone,7.4,3,TRUE
18,Female,6.2,Smartphone,6.6,2,TRUE
20,Female,8.9,Smartphone,5.3,1,TRUE
22,Female,6.7,Smartphone,6,1,TRUE
18,Female,4.2,Smartphone,8.6,4,TRUE
19,Male,8.8,Smartphone,6.5,2,TRUE
26,Male,6.6,Smartphone,5.7,3,TRUE
20,Female,11.8,Smartphone,4.7,1,TRUE
21,Male,2.4,Smartphone,7.7,4,FALSE
22,Male,2.2,Laptop/PC,7.2,3,TRUE
18,Male,3.1,Smartphone,7.1,4,FALSE
16,Female,2.7,Smartphone,7.9,2,TRUE
20,Male,3.7,Smartphone,7,3,FALSE
20,Female,4.2,Smartphone,6.9,1,FALSE
18,Female,4.9,Smartphone,7.6,3,FALSE
17,Male,2.1,Smartphone,7.1,3,FALSE
21,Female,8.6,Smartphone,4.8,1,FALSE
18,Male,2.5,Smartphone,7.7,3,FALSE
17,Male,6.6,Laptop/PC,6.8,3,TRUE
16,Male,6.5,Smartphone,7.5,2,TRUE
17,Male,2.7,Smartphone,7.8,3,FALSE
20,Female,1.1,Smartphone,7.6,4,FALSE
22,Male,4.2,Smartphone,8,3,FALSE
16,Female,5.1,Smartphone,6.3,2,TRUE
18,Female,2.2,Smartphone,7.1,2,FALSE
21,Female,5.5,Smartphone,7,3,TRUE
18,Female,4.6,Laptop/PC,7.1,2,FALSE
20,Male,2.8,Tablet,7.5,4,FALSE
18,Male,4.1,Smartphone,6.7,2,TRUE
18,Male,4.4,Tablet,7.1,2,FALSE
20,Male,6.4,Smartphone,5.9,3,TRUE
19,Female,4.9,Smartphone,6.9,3,TRUE
18,Male,6.2,Smartphone,6.4,3,TRUE
18,Female,10,Smartphone,5.4,1,TRUE
18,Female,7.2,Smartphone,6.9,3,FALSE
19,Male,3.5,Laptop/PC,6.8,3,TRUE
19,Female,8.1,Smartphone,5.1,2,TRUE
22,Male,9.7,Smartphone,6.7,3,TRUE
20,Female,4.3,Smartphone,6.3,3,TRUE
21,Male,4,Smartphone,6,3,FALSE
17,Male,2.8,Smartphone,7.8,2,TRUE
15,Male,5.9,Smartphone,5.7,3,TRUE
16,Female,2.4,Smartphone,6.2,2,FALSE
21,Male,4,Smartphone,8.1,3,FALSE
18,Female,13.4,Smartphone,4,1,FALSE
18,Male,5.2,Smartphone,6.1,2,TRUE
19,Non-Binary,5.5,Smartphone,5.7,2,FALSE
17,Female,5.4,Smartphone,7.5,3,TRUE
19,Non-Binary,2.1,Smartphone,7.3,3,FALSE
18,Female,6.4,Smartphone,5.9,1,TRUE
19,Female,8.4,Smartphone,5.9,1,TRUE
17,Male,4.6,Smartphone,5.9,3,TRUE
21,Female,1.9,Smartphone,7,3,FALSE
17,Male,4.9,Smartphone,6.6,3,TRUE
18,Male,4.2,Smartphone,6.8,2,TRUE
18,Female,2.3,Smartphone,8.1,3,FALSE
17,Female,5.7,Smartphone,5.4,2,TRUE
19,Male,3.3,Smartphone,7.8,3,FALSE
18,Female,6.6,Laptop/PC,6.4,2,TRUE
22,Female,12.4,Smartphone,3.5,2,TRUE
18,Male,3.8,Laptop/PC,6.7,2,FALSE
18,Male,9.3,Smartphone,6,1,TRUE
18,Female,3.9,Smartphone,7.5,3,TRUE
19,Female,5.8,Smartphone,7.1,2,TRUE
16,Female,5.9,Tablet,5.8,3,TRUE
17,Female,4.7,Smartphone,6.7,3,FALSE
18,Female,4.1,Smartphone,7.1,4,FALSE
18,Female,7.6,Smartphone,6.3,2,TRUE
15,Female,2.7,Smartphone,8.1,4,TRUE
16,Male,8.2,Smartphone,5.7,2,FALSE
20,Female,7.2,Smartphone,6.3,2,TRUE
17,Male,6.9,Smartphone,5.8,2,FALSE
18,Female,2.9,Smartphone,7.9,4,FALSE
17,Female,2.6,Smartphone,8.9,4,FALSE
17,Female,2.3,Smartphone,7.4,3,FALSE
19,Male,4.4,Smartphone,8.4,3,FALSE
17,Male,5.7,Smartphone,6.5,2,TRUE
20,Male,9,Tablet,5.4,1,TRUE
16,Female,5.3,Smartphone,6.9,3,FALSE
19,Male,9.1,Smartphone,5.9,1,TRUE
20,Male,3.6,Smartphone,7.5,4,FALSE
19,Female,7.9,Smartphone,6.2,1,TRUE
18,Female,6.6,Smartphone,5.5,1,TRUE
18,Male,2.8,Smartphone,7.7,4,FALSE
16,Female,3.1,Smartphone,7,3,FALSE
19,Non-Binary,1,Smartphone,9.2,4,TRUE
21,Male,4.9,Smartphone,5.5,2,TRUE
15,Female,4.5,Smartphone,7.6,3,TRUE
20,Female,4.8,Smartphone,5.9,1,TRUE
23,Male,5.5,Laptop/PC,8.1,4,TRUE
20,Male,1.7,Smartphone,7.6,2,TRUE
17,Male,5,Smartphone,7.6,3,TRUE
17,Male,6.8,Smartphone,6.7,2,TRUE
17,Female,5.3,Smartphone,5.3,1,TRUE
19,Male,4.5,Smartphone,7.1,3,FALSE
21,Female,2.2,Smartphone,7.9,3,FALSE
18,Female,5.8,Smartphone,7.2,4,FALSE
16,Male,3.8,Smartphone,6.9,3,FALSE
20,Male,8,Laptop/PC,4.7,2,TRUE
18,Male,6.6,Smartphone,5.6,2,TRUE
16,Non-Binary,4.3,Smartphone,7,2,FALSE
19,Male,1.4,Smartphone,7.8,4,FALSE
19,Female,2.9,Smartphone,7.6,2,TRUE
18,Prefer not to say,5.1,Smartphone,7.2,2,TRUE
18,Male,6.9,Smartphone,5.3,1,TRUE
18,Female,4.8,Smartphone,6.2,3,FALSE
17,Female,5.5,Smartphone,7.5,2,TRUE
19,Female,5.3,Laptop/PC,6.7,3,FALSE
20,Female,2.9,Smartphone,7.7,3,FALSE
16,Female,4.9,Smartphone,7,1,FALSE
20,Female,2.1,Smartphone,7.2,4,FALSE
16,Female,8.6,Smartphone,4.5,1,TRUE
18,Male,8.9,Smartphone,6.4,2,FALSE
16,Male,4.7,Smartphone,5.5,2,TRUE
21,Female,3.8,Smartphone,7.2,3,FALSE
20,Female,6.2,Smartphone,7.5,2,TRUE
21,Female,5,Smartphone,7.1,3,FALSE
17,Female,6,Smartphone,7.2,2,TRUE
15,Male,1.9,Laptop/PC,7.1,3,FALSE
18,Female,5,Smartphone,5.8,2,TRUE
20,Male,5,Tablet,6.4,3,TRUE
21,Male,7.3,Smartphone,6.1,1,TRUE
17,Male,12.2,Laptop/PC,5.9,1,TRUE
19,Female,3.3,Smartphone,7.4,3,FALSE
16,Female,5,Smartphone,6.4,3,FALSE
17,Female,4.5,Smartphone,6.6,3,FALSE
17,Female,4.6,Smartphone,7.2,3,FALSE
18,Female,6.8,Smartphone,5.9,2,TRUE
17,Female,3.5,Smartphone,7.2,2,TRUE
18,Female,5,Laptop/PC,7,2,FALSE
19,Male,3.9,Smartphone,7.9,3,FALSE
21,Female,11.1,Smartphone,3.1,1,TRUE
15,Male,3.9,Smartphone,7.1,3,TRUE
19,Female,5.3,Smartphone,6.4,2,TRUE
16,Male,10,Smartphone,4.1,1,TRUE
16,Female,3.4,Smartphone,6.8,3,FALSE
19,Male,6.1,Smartphone,7,3,TRUE
17,Male,3.1,Smartphone,7.7,3,TRUE
17,Female,2.8,Smartphone,7.8,4,FALSE
17,Female,5.7,Smartphone,6.7,2,TRUE
18,Male,9,Smartphone,6.9,2,TRUE
17,Female,8.6,Laptop/PC,4.9,2,TRUE
20,Male,4.9,Smartphone,7.9,3,FALSE
16,Female,6.5,Laptop/PC,6,1,TRUE
20,Male,3.1,Smartphone,7.3,4,FALSE
17,Male,3.5,Smartphone,8.2,4,TRUE
19,Male,4.1,Smartphone,6.6,3,TRUE
19,Male,5,Smartphone,7.4,3,TRUE
21,Female,2.1,Smartphone,8.4,4,TRUE
18,Female,5.8,Smartphone,6.6,2,FALSE
17,Female,3.8,Smartphone,8.3,4,FALSE
19,Non-Binary,5.1,Smartphone,7.8,3,TRUE
26,Female,1.9,Smartphone,9.1,4,TRUE
21,Female,4.9,Smartphone,7.1,1,FALSE
16,Male,5.5,Smartphone,5.9,2,TRUE
18,Male,3,Smartphone,7.7,3,FALSE
18,Female,6,Smartphone,7.8,3,TRUE
21,Male,7.8,Smartphone,5.9,1,TRUE
17,Female,2,Smartphone,7.1,3,FALSE
26,Female,3.9,Smartphone,6.6,1,TRUE
18,Male,3.9,Smartphone,8.5,3,FALSE
18,Female,7.9,Smartphone,5,1,TRUE
18,Male,6.9,Smartphone,6.2,2,TRUE
15,Male,1.5,Smartphone,8.6,4,TRUE
18,Prefer not to say,9.3,Smartphone,5.8,1,TRUE
20,Female,3.7,Smartphone,9,3,FALSE
20,Male,9.4,Smartphone,6,1,TRUE
17,Prefer not to say,6.2,Smartphone,6.6,3,TRUE
19,Male,4.5,Smartphone,6.6,2,FALSE
20,Male,3,Smartphone,7.5,3,TRUE
18,Male,4.5,Smartphone,7.2,3,FALSE
16,Female,2.9,Smartphone,8.2,4,FALSE
19,Female,3.5,Laptop/PC,8.2,3,FALSE
18,Non-Binary,8.8,Smartphone,5.2,1,TRUE
18,Female,3.2,Smartphone,6.3,2,FALSE
19,Male,3.2,Smartphone,8,3,FALSE
19,Female,4.4,Smartphone,6.2,2,FALSE
19,Female,4.7,Smartphone,6.1,2,FALSE
24,Female,3.7,Smartphone,7.5,4,FALSE
18,Female,3.6,Smartphone,7.8,2,TRUE
16,Female,9.6,Smartphone,5.1,1,TRUE
17,Female,6,Smartphone,7.7,3,TRUE
19,Male,2.8,Smartphone,7.3,3,FALSE
19,Female,2.6,Smartphone,6.8,2,TRUE
22,Female,2.6,Smartphone,7.1,3,FALSE
19,Female,2.7,Smartphone,7.8,4,TRUE
17,Female,2.9,Smartphone,8.6,3,FALSE
17,Female,3.2,Tablet,7.8,3,FALSE
22,Prefer not to say,5.7,Smartphone,5.9,3,FALSE
18,Male,4,Smartphone,7.2,3,FALSE
20,Female,4,Smartphone,6.1,2,TRUE
19,Non-Binary,5.5,Laptop/PC,6.4,3,TRUE
18,Male,3.6,Laptop/PC,7.9,2,FALSE
20,Female,4.1,Smartphone,6.7,4,FALSE
18,Non-Binary,3.5,Smartphone,7.1,4,FALSE
20,Male,5.1,Smartphone,5.5,1,TRUE
18,Male,8.4,Smartphone,5.4,1,TRUE
16,Male,8.5,Smartphone,4.9,1,TRUE
18,Prefer not to say,2.3,Smartphone,9.3,4,TRUE
17,Female,7.2,Smartphone,7.4,2,TRUE
21,Female,5.5,Smartphone,5.2,2,TRUE
18,Male,9,Smartphone,6.4,1,TRUE
17,Female,14,Laptop/PC,3.9,1,FALSE
18,Female,5.4,Smartphone,6.8,2,TRUE
18,Female,8.4,Smartphone,4.3,1,TRUE
19,Male,3.1,Smartphone,8.4,2,FALSE
23,Male,4.1,Smartphone,6,2,TRUE
18,Female,7.8,Smartphone,5.5,1,FALSE
19,Female,8.7,Smartphone,4.8,1,TRUE
20,Female,5.8,Smartphone,5.8,1,TRUE
22,Female,4,Tablet,6.6,4,FALSE
16,Female,3.2,Smartphone,8.7,4,TRUE
18,Prefer not to say,5.9,Smartphone,6.9,2,TRUE
17,Male,5.2,Smartphone,8.2,3,TRUE
16,Male,3.6,Smartphone,7.9,2,TRUE
20,Female,12,Laptop/PC,3.3,1,TRUE
20,Male,3.3,Smartphone,8.2,4,FALSE
19,Male,2.4,Smartphone,7.5,3,TRUE
19,Male,12.5,Smartphone,3.6,1,TRUE
24,Male,2.1,Smartphone,7.7,3,FALSE
18,Female,5,Smartphone,6.7,3,FALSE
18,Female,6,Smartphone,6.3,1,TRUE
20,Female,4.3,Tablet,6.4,3,FALSE
18,Female,3.1,Smartphone,6.9,2,TRUE
21,Male,3,Smartphone,7.2,2,FALSE
17,Female,3.9,Smartphone,8.1,3,FALSE
19,Male,5.6,Smartphone,7.1,3,TRUE
20,Male,2.6,Smartphone,8.5,5,FALSE
18,Female,2.8,Smartphone,8.4,3,FALSE
18,Male,6.1,Smartphone,7.8,4,TRUE
18,Female,10.6,Laptop/PC,6.4,2,TRUE
18,Male,3.9,Smartphone,5.9,3,TRUE
15,Male,5.1,Smartphone,6.8,2,TRUE
16,Female,2.1,Smartphone,8.2,4,FALSE
19,Male,1.7,Smartphone,8.4,4,FALSE
20,Female,2.3,Smartphone,7.6,3,TRUE
18,Female,6.3,Smartphone,6.7,3,TRUE
19,Female,4,Smartphone,5.8,2,TRUE
22,Male,4.5,Tablet,6.8,3,FALSE
18,Male,8.5,Smartphone,5.4,1,TRUE
18,Female,2.8,Smartphone,8.1,4,FALSE
18,Female,2,Smartphone,7.1,4,TRUE
19,Male,5.1,Laptop/PC,6.5,2,TRUE
20,Male,3.1,Smartphone,6.9,2,FALSE
18,Female,11.6,Smartphone,6.2,1,TRUE
20,Female,5.9,Smartphone,6.7,2,FALSE
20,Female,9.9,Laptop/PC,5.3,1,FALSE
19,Male,3.2,Smartphone,8.5,4,FALSE
17,Female,4.4,Smartphone,6.4,3,FALSE
19,Male,3.7,Smartphone,7,2,FALSE
18,Female,4.5,Tablet,6,2,FALSE
21,Female,9.6,Laptop/PC,5.4,1,FALSE
19,Female,6.3,Laptop/PC,6.5,3,TRUE
20,Male,5.4,Smartphone,5,1,TRUE
19,Female,1.5,Smartphone,8.2,5,FALSE
17,Male,14,Smartphone,5.5,1,TRUE
19,Female,4.6,Tablet,7.5,3,FALSE
19,Female,2.8,Smartphone,6.6,4,FALSE
18,Male,11.2,Smartphone,3.7,1,TRUE
15,Female,4.5,Smartphone,7.3,4,TRUE
20,Female,5.4,Smartphone,6,1,TRUE
24,Male,4.2,Smartphone,7.1,3,FALSE
21,Female,2.3,Smartphone,8.6,3,FALSE
19,Female,3.5,Smartphone,5.8,2,TRUE
18,Male,4.3,Laptop/PC,6,2,FALSE
19,Male,1.9,Smartphone,7.3,3,TRUE
21,Prefer not to say,9.4,Smartphone,4.9,1,TRUE
18,Female,4.7,Smartphone,5.8,2,TRUE
20,Male,5.6,Smartphone,6.1,3,FALSE
18,Male,11.3,Smartphone,3.5,1,FALSE
18,Female,3,Laptop/PC,6.7,4,FALSE
18,Male,3.9,Smartphone,7.2,3,TRUE
19,Female,9.7,Smartphone,6.2,1,FALSE
22,Male,3.8,Smartphone,6.7,4,FALSE
18,Female,2.8,Smartphone,7.4,3,FALSE
16,Female,4.4,Laptop/PC,6.3,1,FALSE
16,Male,6.8,Smartphone,5.5,1,TRUE
19,Male,4.6,Smartphone,6.9,3,FALSE
17,Male,3.3,Smartphone,7.6,4,FALSE
18,Female,6.7,Smartphone,6.2,1,TRUE
22,Male,2.9,Smartphone,6.4,3,TRUE
18,Female,7.7,Smartphone,6.2,2,TRUE
19,Female,9.3,Smartphone,3.6,1,TRUE
15,Male,5.5,Smartphone,6.4,1,FALSE
20,Male,8.4,Smartphone,5.1,2,TRUE
18,Male,13.5,Smartphone,3.8,1,TRUE
22,Male,2.8,Smartphone,7.1,4,FALSE
17,Female,5.1,Smartphone,7.7,3,TRUE
20,Female,4.2,Smartphone,6.2,3,FALSE
20,Female,6.2,Smartphone,5.6,2,FALSE
20,Male,4.3,Smartphone,7.5,4,FALSE
18,Male,4.5,Smartphone,7,3,FALSE
18,Male,11.2,Smartphone,5.7,1,TRUE
19,Female,5.4,Smartphone,7.1,3,TRUE
17,Male,2.6,Smartphone,7.1,4,FALSE
21,Male,2.3,Smartphone,7.2,2,FALSE
19,Male,5,Smartphone,6.8,2,TRUE
19,Male,5.4,Smartphone,7.8,3,TRUE
20,Female,6.7,Smartphone,7.1,3,TRUE
21,Male,6.6,Smartphone,5.8,1,TRUE
20,Female,2.6,Smartphone,7.1,3,FALSE
18,Female,1.8,Smartphone,8.8,5,TRUE
19,Female,4.5,Smartphone,6.8,2,TRUE
17,Female,2.8,Smartphone,6.3,3,FALSE
18,Female,3.8,Smartphone,6.5,2,FALSE
19,Male,2.2,Smartphone,8.2,4,FALSE
19,Female,4.3,Smartphone,6.8,2,FALSE
18,Male,5.6,Smartphone,7.9,2,TRUE
18,Male,2.9,Smartphone,7.8,5,TRUE
18,Male,10.7,Smartphone,4.9,1,TRUE
17,Female,6,Tablet,5.5,2,TRUE
16,Male,11.8,Laptop/PC,3.7,1,TRUE
17,Female,4.1,Laptop/PC,8.4,3,FALSE
19,Female,3.3,Laptop/PC,8.5,3,FALSE
19,Female,4.2,Smartphone,6.6,3,TRUE
18,Female,8.1,Smartphone,5.7,2,TRUE
20,Female,1.9,Smartphone,8.3,4,FALSE
16,Male,5.2,Smartphone,7.1,3,TRUE
17,Female,5.4,Smartphone,6.7,3,TRUE
17,Female,3.9,Smartphone,6.8,4,FALSE
23,Male,3.3,Smartphone,6.8,4,TRUE
16,Male,3.8,Smartphone,7.1,3,FALSE
20,Female,4.3,Smartphone,7.9,3,FALSE
21,Male,3.5,Smartphone,7.8,4,FALSE
22,Female,3.6,Smartphone,7.1,4,TRUE
19,Male,4.7,Smartphone,7.4,3,TRUE
18,Female,3.7,Smartphone,8.7,3,TRUE
23,Male,3.7,Smartphone,6.9,4,FALSE
20,Female,3.2,Smartphone,7.7,2,FALSE
18,Female,2.8,Laptop/PC,7.4,3,FALSE
22,Non-Binary,9.1,Smartphone,4.5,1,TRUE
21,Female,2.6,Smartphone,6.7,3,FALSE
18,Male,3.6,Smartphone,6,1,FALSE
17,Female,6.5,Smartphone,5.1,1,TRUE
17,Male,5.8,Smartphone,7.7,3,TRUE
20,Female,7.7,Smartphone,4.4,1,FALSE
18,Female,3.1,Smartphone,7.7,3,FALSE
22,Female,3.2,Smartphone,8.1,4,FALSE
19,Female,9.2,Smartphone,4.3,1,FALSE
17,Male,3.2,Smartphone,6.6,2,FALSE
22,Male,2.3,Smartphone,6.9,4,FALSE
18,Male,14,Smartphone,3.8,1,FALSE
20,Male,2.7,Laptop/PC,9.8,4,FALSE
18,Male,2.6,Tablet,8.2,4,FALSE
18,Female,3.9,Smartphone,8,2,FALSE
19,Male,5,Smartphone,6.8,3,TRUE
18,Non-Binary,5.6,Smartphone,6.3,3,FALSE
20,Male,2.3,Smartphone,6.7,3,FALSE
19,Female,2.8,Smartphone,6.9,3,FALSE
17,Female,5.1,Smartphone,7.2,3,TRUE
18,Female,3.9,Smartphone,8,3,FALSE
20,Male,8.8,Smartphone,4.2,1,TRUE
17,Female,2.4,Smartphone,7.9,4,FALSE
17,Female,5.5,Smartphone,6.9,3,TRUE
17,Female,5.2,Smartphone,6.4,2,FALSE
16,Female,7.5,Laptop/PC,6.7,2,TRUE
21,Male,3.4,Smartphone,6.4,2,TRUE
19,Female,5.8,Smartphone,6.4,3,TRUE
17,Male,2.4,Smartphone,7.2,3,FALSE
18,Male,6,Smartphone,5.9,2,TRUE
22,Prefer not to say,6.9,Smartphone,5.2,1,TRUE
24,Male,5.8,Tablet,6.7,2,TRUE
19,Male,3.3,Smartphone,7.8,4,FALSE
15,Female,7.7,Smartphone,6.2,1,TRUE
20,Male,6.4,Smartphone,6.3,3,FALSE
18,Female,2.7,Laptop/PC,9,4,FALSE
18,Female,2,Smartphone,7.2,3,FALSE
19,Male,6,Laptop/PC,7.8,3,TRUE
20,Female,6.9,Tablet,5.8,2,TRUE
17,Male,1.4,Smartphone,8.5,3,FALSE
18,Male,6.9,Smartphone,6.2,1,FALSE
20,Male,5.1,Smartphone,7,3,TRUE
19,Male,5,Smartphone,7.2,2,FALSE
18,Male,2.9,Smartphone,6.4,3,FALSE
16,Male,3.3,Smartphone,6.9,4,FALSE
17,Female,1.5,Smartphone,7,4,TRUE
19,Male,7.3,Smartphone,5.8,1,TRUE
24,Female,4.3,Smartphone,5.5,1,TRUE
16,Female,2.9,Smartphone,7.6,2,FALSE
19,Male,2.9,Smartphone,6.7,3,TRUE
19,Male,3.8,Smartphone,6.2,3,FALSE
17,Male,9.5,Smartphone,4.3,1,TRUE
16,Male,3.2,Smartphone,7.7,3,TRUE
19,Male,6.3,Smartphone,5.8,2,TRUE
18,Male,6.8,Smartphone,6,2,TRUE
22,Female,2.4,Smartphone,7.7,3,TRUE
17,Male,14,Smartphone,4.3,1,FALSE
19,Female,3.5,Smartphone,8.3,3,FALSE
18,Female,6.5,Smartphone,5.8,1,TRUE
19,Non-Binary,6.9,Smartphone,6.4,3,TRUE
20,Female,3.6,Smartphone,6.4,2,FALSE
20,Male,6.5,Smartphone,6,1,TRUE
18,Male,4.5,Smartphone,6.9,2,TRUE
17,Male,4.9,Smartphone,7.2,2,TRUE
18,Female,2.2,Smartphone,8.6,4,TRUE
16,Male,5.3,Smartphone,7.2,3,TRUE
19,Female,5.3,Smartphone,7.3,2,TRUE
19,Prefer not to say,7.1,Laptop/PC,5.4,2,TRUE
18,Female,8.9,Smartphone,4.1,1,TRUE
17,Female,9.6,Smartphone,5.5,1,FALSE
18,Female,4.5,Smartphone,6.8,2,FALSE
17,Male,2.8,Smartphone,8.5,4,FALSE
19,Male,4,Smartphone,7,4,FALSE
18,Female,6,Tablet,6.8,3,TRUE
19,Male,2.5,Smartphone,7.8,4,FALSE
21,Female,11.6,Laptop/PC,4.4,1,TRUE
20,Male,3.8,Smartphone,7.7,3,FALSE
19,Male,8.1,Smartphone,7.4,2,TRUE
23,Female,10.2,Smartphone,5.3,1,TRUE
19,Male,11.7,Smartphone,4.7,1,FALSE
17,Male,4.3,Smartphone,8.1,3,FALSE
20,Male,5.8,Laptop/PC,7.6,3,FALSE
19,Female,3.8,Smartphone,7.6,4,FALSE
18,Male,5.1,Laptop/PC,6.7,2,TRUE
15,Female,3.4,Laptop/PC,6.8,2,FALSE
19,Female,6,Tablet,5.7,2,TRUE
20,Female,8.8,Smartphone,4.8,1,TRUE
18,Female,2.6,Smartphone,9.2,4,TRUE
19,Male,3.9,Smartphone,6.5,2,FALSE
20,Male,9.4,Smartphone,5,1,TRUE
18,Female,5.4,Smartphone,6.6,2,TRUE
19,Male,7.5,Smartphone,5.3,1,TRUE
19,Male,6.1,Smartphone,5.9,1,FALSE
18,Male,3.1,Smartphone,7.8,4,FALSE
15,Male,14,Smartphone,5.3,1,TRUE
18,Female,14,Smartphone,4.2,1,TRUE
18,Male,6.1,Laptop/PC,6,2,TRUE
21,Female,7,Smartphone,6.9,2,TRUE
20,Male,4.2,Smartphone,7.5,3,FALSE
17,Male,4.6,Smartphone,6.2,3,TRUE
20,Male,12.3,Smartphone,4.8,1,FALSE
17,Female,2,Laptop/PC,8,2,TRUE
18,Female,3.8,Smartphone,6.8,2,FALSE
17,Female,4.9,Smartphone,7.2,3,TRUE
17,Male,4.5,Smartphone,8.3,4,TRUE
19,Male,4.1,Smartphone,6.7,2,FALSE
17,Male,7.3,Smartphone,6.1,2,TRUE
19,Female,3.1,Smartphone,6.4,2,FALSE
19,Female,6,Smartphone,6.4,2,TRUE
17,Female,2.6,Smartphone,6.3,2,TRUE
19,Male,5.9,Smartphone,7.7,1,TRUE
18,Female,2.9,Smartphone,5.5,2,TRUE
15,Male,4.1,Smartphone,7.8,4,FALSE
21,Male,5.3,Laptop/PC,5.8,2,TRUE
22,Male,11.1,Smartphone,4.8,1,TRUE
17,Female,5,Laptop/PC,7,3,FALSE
16,Female,4.9,Smartphone,6.8,4,FALSE
20,Female,9.8,Smartphone,5.8,1,TRUE
17,Female,4.1,Smartphone,6.7,4,FALSE
17,Male,13.5,Smartphone,5.4,1,TRUE
20,Male,5.1,Smartphone,6.4,2,FALSE
19,Male,4.5,Smartphone,6.2,3,FALSE
19,Female,5.9,Smartphone,6.6,3,TRUE
20,Male,9.6,Smartphone,7.4,2,TRUE
20,Male,9.4,Smartphone,4.2,1,TRUE
19,Female,2.5,Smartphone,8,2,TRUE
17,Female,7.9,Smartphone,6.2,2,TRUE
16,Male,3.8,Smartphone,7.5,3,TRUE
17,Female,2.2,Smartphone,5.9,3,FALSE
18,Male,12,Smartphone,5,1,TRUE
23,Female,2.9,Smartphone,7,3,TRUE
19,Male,6.8,Smartphone,6.9,1,TRUE
19,Male,3.2,Smartphone,7.9,3,FALSE
18,Female,3.1,Smartphone,6.7,3,TRUE
20,Female,5.4,Smartphone,5.4,2,TRUE
19,Male,11,Laptop/PC,4.2,1,TRUE
20,Male,3.3,Laptop/PC,7.1,3,FALSE
18,Male,8.7,Smartphone,3.9,1,TRUE
21,Male,2.5,Smartphone,8.4,3,TRUE
19,Female,4,Smartphone,6.7,3,FALSE
19,Female,5.1,Laptop/PC,5.8,2,TRUE
20,Female,2.7,Smartphone,8.6,4,FALSE
18,Male,8.7,Smartphone,6,1,TRUE
17,Female,3.6,Smartphone,7.9,3,FALSE
17,Male,2.9,Tablet,7.6,3,FALSE
17,Male,7.6,Smartphone,6.7,2,FALSE
19,Female,2.7,Smartphone,8.2,3,FALSE
19,Male,5.8,Smartphone,5.8,2,TRUE
16,Male,8.1,Smartphone,6,2,FALSE
20,Female,4.7,Smartphone,6,3,FALSE
18,Male,5,Smartphone,5.6,1,TRUE
21,Female,7.5,Smartphone,6.8,2,TRUE
18,Male,2.3,Smartphone,8.2,5,TRUE
18,Female,4.1,Smartphone,7.3,3,TRUE
17,Male,4.8,Smartphone,5.6,1,TRUE
18,Male,4.4,Smartphone,6.9,4,TRUE
19,Female,6.4,Smartphone,5.9,2,FALSE
17,Female,6.1,Smartphone,7.7,2,FALSE
20,Male,2.2,Smartphone,6.6,3,FALSE
18,Female,2.9,Tablet,7,3,TRUE
18,Female,3.1,Smartphone,7,2,FALSE
17,Prefer not to say,4.9,Smartphone,7,4,TRUE
19,Female,2,Smartphone,6.8,3,FALSE
20,Female,3.7,Smartphone,6.3,3,FALSE
18,Female,5.3,Smartphone,7.7,3,TRUE
19,Female,6.1,Smartphone,5.7,3,TRUE
21,Female,5.6,Smartphone,6.5,1,TRUE
16,Female,4.2,Smartphone,5.8,2,TRUE
22,Male,5.1,Smartphone,6.4,2,TRUE
15,Male,3.6,Smartphone,7.5,3,FALSE
21,Female,6,Smartphone,6.6,2,TRUE
20,Female,9.9,Smartphone,4.5,1,TRUE
23,Female,4.4,Smartphone,6.8,3,TRUE
20,Female,5.1,Smartphone,6.5,3,TRUE
16,Female,9.3,Smartphone,5.8,2,TRUE
18,Female,2.6,Smartphone,7.4,2,TRUE
15,Male,4.8,Smartphone,8.2,3,TRUE
17,Female,6.9,Smartphone,5.7,2,TRUE
20,Female,4.4,Smartphone,6.3,3,TRUE
19,Non-Binary,3.6,Laptop/PC,6.5,4,TRUE
19,Female,4.2,Tablet,6.8,2,FALSE
23,Female,10,Smartphone,5.1,1,TRUE
21,Female,3.4,Smartphone,7.2,3,FALSE
17,Female,7.3,Laptop/PC,7.5,2,TRUE
18,Male,4.6,Smartphone,7.8,3,TRUE
19,Male,2.5,Smartphone,8.2,4,TRUE
21,Male,2.4,Smartphone,7.8,3,FALSE
21,Female,6,Smartphone,5.1,2,TRUE
16,Female,2.6,Smartphone,8.5,4,TRUE
17,Female,7.4,Smartphone,5.7,1,FALSE
18,Non-Binary,5.1,Smartphone,7.2,3,TRUE
19,Female,3.7,Smartphone,6.8,2,FALSE
19,Male,14,Smartphone,4.1,1,TRUE
23,Male,2.6,Smartphone,9,4,FALSE
20,Female,6.3,Smartphone,6.4,2,TRUE
17,Female,6.3,Smartphone,7,2,TRUE
19,Male,4.1,Smartphone,6.3,2,TRUE
20,Female,2.2,Smartphone,8.2,5,TRUE
20,Male,4.6,Smartphone,7.4,3,FALSE
21,Male,7.3,Smartphone,7.4,3,TRUE
17,Female,4,Smartphone,7,3,TRUE
21,Female,3.7,Smartphone,6.4,1,FALSE
19,Female,3.6,Laptop/PC,7.4,3,TRUE
18,Female,4.7,Smartphone,6.7,2,TRUE
19,Female,8,Smartphone,7.3,1,TRUE
21,Male,3.7,Smartphone,6.7,3,FALSE
22,Male,10.1,Laptop/PC,4.5,1,TRUE
17,Female,7.4,Smartphone,6,2,TRUE
18,Female,3.6,Smartphone,6.7,3,TRUE
17,Prefer not to say,3.3,Tablet,7.3,3,FALSE
19,Male,2.8,Smartphone,8.4,3,TRUE
18,Male,5.7,Smartphone,5.1,1,TRUE
16,Male,5.2,Smartphone,6.4,2,TRUE
18,Male,6.5,Smartphone,6.2,1,FALSE
17,Female,7.5,Smartphone,5.5,1,TRUE
18,Male,4.8,Smartphone,6.8,2,FALSE
19,Female,2.4,Smartphone,9.6,3,FALSE
17,Female,6.6,Smartphone,8.2,3,TRUE
20,Non-Binary,4.4,Smartphone,6.8,3,TRUE
17,Female,4.9,Smartphone,6.9,2,FALSE
21,Male,3.8,Smartphone,6,3,FALSE
19,Male,5.9,Smartphone,6.6,3,TRUE
19,Female,4.2,Smartphone,6.8,3,FALSE
18,Male,3.7,Smartphone,6.7,3,FALSE
20,Male,4.9,Laptop/PC,7.8,3,TRUE
17,Male,2,Laptop/PC,8.9,5,FALSE
17,Female,5.5,Laptop/PC,7,2,TRUE
19,Female,10.1,Smartphone,5.5,1,TRUE
18,Female,2.2,Smartphone,5.9,3,TRUE
21,Male,5.8,Smartphone,5.9,2,FALSE
19,Female,9.8,Smartphone,4.8,1,TRUE
17,Female,2.3,Smartphone,7.3,2,FALSE
20,Male,3.6,Smartphone,8.1,4,TRUE
18,Male,6.1,Smartphone,4.5,1,TRUE
17,Male,5,Smartphone,8.5,4,TRUE
17,Female,7.1,Smartphone,7.2,2,TRUE
18,Male,2.7,Smartphone,5.4,2,FALSE
19,Male,12.7,Smartphone,4.2,1,TRUE
18,Male,3.2,Laptop/PC,6.8,3,TRUE
19,Female,8.7,Tablet,7.2,3,FALSE
20,Male,5,Smartphone,5.6,2,TRUE
19,Female,8.9,Smartphone,4.6,1,TRUE
19,Male,1.7,Smartphone,7.1,4,TRUE
17,Female,4.1,Smartphone,6.8,2,TRUE
16,Female,2.9,Laptop/PC,8.4,4,TRUE
17,Male,3.5,Smartphone,5.9,2,TRUE
15,Male,6.3,Smartphone,6.3,1,TRUE
17,Female,8.8,Laptop/PC,6.3,1,TRUE
21,Female,3.4,Smartphone,8.6,5,FALSE
18,Female,3.3,Laptop/PC,7.2,3,FALSE
19,Male,5,Smartphone,6.4,3,FALSE
22,Female,4,Laptop/PC,6.9,3,TRUE
20,Female,5,Smartphone,6.6,1,TRUE
16,Male,4.4,Smartphone,8,3,FALSE
19,Male,2.2,Smartphone,7.6,3,TRUE
19,Non-Binary,2.5,Smartphone,8,2,FALSE
22,Female,8.3,Smartphone,4.9,1,FALSE
21,Female,4.9,Smartphone,7.7,3,FALSE
17,Female,4.8,Laptop/PC,6.3,3,TRUE
18,Female,6.4,Smartphone,7.2,2,TRUE
19,Female,5.7,Smartphone,5.4,2,TRUE
16,Male,6.4,Smartphone,7.7,3,TRUE
16,Prefer not to say,6.1,Smartphone,5.6,1,TRUE
18,Female,1.4,Smartphone,7.8,4,TRUE
17,Female,4.1,Laptop/PC,7,3,TRUE
16,Male,2.3,Smartphone,8.9,4,TRUE
17,Female,5.7,Smartphone,6.3,2,FALSE
18,Female,3.9,Smartphone,8.1,4,TRUE
18,Female,3,Smartphone,7.3,3,FALSE
19,Male,2.3,Smartphone,5.8,2,TRUE
18,Female,10.8,Smartphone,5.4,1,TRUE
20,Male,2.5,Smartphone,7.9,3,FALSE
19,Prefer not to say,2.8,Smartphone,7.7,3,TRUE
19,Female,8.9,Smartphone,5.6,1,TRUE
17,Male,4.9,Smartphone,4.9,2,TRUE
17,Non-Binary,5,Smartphone,6.6,3,TRUE
22,Female,2.1,Laptop/PC,7.6,3,FALSE
16,Female,2.8,Smartphone,7.9,4,FALSE
19,Male,7.4,Smartphone,5.8,1,FALSE
18,Female,10,Smartphone,6.5,1,TRUE
17,Female,2.4,Laptop/PC,7.9,4,TRUE
15,Male,2.7,Smartphone,7.7,3,FALSE
18,Female,2.3,Smartphone,7.3,3,FALSE
17,Female,10.5,Smartphone,5.7,1,TRUE
22,Male,4.2,Smartphone,7.1,3,TRUE
21,Male,5.2,Smartphone,7.2,2,TRUE
20,Male,6.2,Smartphone,5.7,2,FALSE
23,Female,6.8,Smartphone,5.9,3,TRUE
19,Female,3,Smartphone,7.9,3,FALSE
18,Female,4.1,Smartphone,6,3,TRUE
20,Male,4.4,Smartphone,7.2,3,FALSE
20,Female,4.5,Smartphone,7.5,4,FALSE
20,Female,4.5,Smartphone,6.6,2,FALSE
16,Male,5.2,Smartphone,6.4,2,TRUE
19,Female,5.8,Smartphone,6.2,3,TRUE
20,Male,2.3,Laptop/PC,8.6,4,TRUE
21,Female,2.6,Smartphone,8.6,4,TRUE
22,Male,5,Laptop/PC,8,4,TRUE
24,Female,2.5,Smartphone,8.6,4,TRUE
17,Female,5.1,Smartphone,7.2,4,TRUE
18,Male,8.2,Smartphone,5.1,2,TRUE
17,Female,3.7,Smartphone,7.9,2,TRUE
23,Female,7.3,Laptop/PC,5.7,2,TRUE
17,Prefer not to say,4,Smartphone,6,3,FALSE
21,Female,5.4,Smartphone,5.7,1,TRUE
18,Male,7.8,Smartphone,4.8,1,TRUE
21,Male,6.2,Smartphone,7.2,2,TRUE
18,Female,4.2,Smartphone,8.2,4,FALSE
17,Male,4.4,Laptop/PC,7.2,3,FALSE
18,Female,7,Smartphone,6.3,1,TRUE
20,Female,9.7,Smartphone,5.6,1,FALSE
18,Male,3.2,Laptop/PC,7.7,5,TRUE
18,Female,9.7,Smartphone,5.6,1,TRUE
23,Female,6.6,Smartphone,7.3,2,TRUE
18,Female,3.8,Smartphone,6.7,2,FALSE
17,Female,11.4,Smartphone,5.1,1,TRUE
20,Male,3.8,Smartphone,7.6,2,FALSE
20,Female,7.9,Smartphone,4.7,2,TRUE
19,Female,7,Smartphone,6.9,2,TRUE
17,Female,2.6,Smartphone,7.2,3,FALSE
21,Male,1.4,Smartphone,8,4,FALSE
17,Female,3.6,Smartphone,9.2,4,TRUE
19,Female,5.5,Smartphone,6.8,2,TRUE
18,Male,7.5,Smartphone,5.5,1,TRUE
18,Female,5.4,Smartphone,7.2,3,TRUE
20,Male,3.8,Smartphone,6.6,2,TRUE
18,Male,9.5,Smartphone,5.1,1,TRUE
16,Female,9.4,Smartphone,6.3,1,TRUE
16,Non-Binary,7.8,Smartphone,4.2,1,TRUE
20,Female,3.2,Smartphone,8.3,3,TRUE
16,Male,3.8,Smartphone,9.4,5,FALSE
17,Female,1.8,Smartphone,7.4,3,FALSE
24,Male,5.3,Laptop/PC,6.1,1,FALSE
18,Female,8.6,Smartphone,4.3,1,TRUE
21,Male,3.3,Smartphone,7.9,4,FALSE
18,Male,3.8,Smartphone,9.3,4,FALSE
18,Prefer not to say,6.1,Smartphone,6,1,TRUE
20,Male,2.8,Smartphone,6.8,4,FALSE
17,Female,8.8,Smartphone,4.6,1,TRUE
18,Female,3.6,Smartphone,8.7,3,FALSE
20,Female,6.3,Smartphone,7.5,3,TRUE
20,Female,3.7,Smartphone,7.2,3,TRUE
23,Male,10,Smartphone,3.3,1,FALSE
17,Male,3.3,Smartphone,7.2,3,FALSE
17,Female,3.5,Smartphone,7.8,3,FALSE
19,Male,2.5,Smartphone,6,2,TRUE
20,Female,5.1,Smartphone,6.7,3,TRUE
16,Male,8.2,Smartphone,5.6,1,TRUE
18,Female,9.4,Smartphone,4.9,1,TRUE
23,Female,8.2,Smartphone,5.8,2,TRUE
17,Male,7.6,Smartphone,4.5,2,TRUE
20,Male,2.4,Laptop/PC,6.6,2,TRUE
18,Male,4,Smartphone,7.3,4,TRUE
19,Female,2.1,Smartphone,9.1,4,FALSE
21,Female,3.3,Smartphone,8.6,3,TRUE
18,Female,7.8,Smartphone,5,1,TRUE
19,Male,4.2,Smartphone,6,3,FALSE
18,Male,10.4,Smartphone,5.1,1,TRUE
22,Female,4.6,Laptop/PC,6.9,2,FALSE
18,Female,3.3,Smartphone,6.6,2,TRUE
17,Female,4,Smartphone,6.9,2,TRUE
19,Female,3.3,Smartphone,4.3,3,FALSE
21,Male,4.2,Smartphone,6.9,3,FALSE
20,Female,3.4,Smartphone,6.7,2,FALSE
19,Male,4.3,Smartphone,6.9,2,FALSE
17,Male,2,Smartphone,7.3,3,FALSE
17,Female,4.4,Smartphone,7,4,FALSE
18,Female,6.3,Smartphone,7,1,TRUE
18,Male,7.8,Smartphone,3.7,1,TRUE
19,Female,7.6,Smartphone,6,2,FALSE
20,Female,4,Smartphone,7.7,3,FALSE
21,Female,7.9,Smartphone,6.6,2,TRUE
20,Male,2.8,Smartphone,7.1,3,TRUE
22,Male,3.6,Smartphone,8.1,1,FALSE
19,Male,6.4,Smartphone,6.1,2,TRUE
19,Female,3.7,Smartphone,6.1,2,FALSE
22,Female,8.9,Smartphone,5.8,2,TRUE
22,Male,8.9,Smartphone,5.6,2,TRUE
22,Male,3.8,Smartphone,6.9,2,TRUE
16,Non-Binary,10.2,Smartphone,6.7,1,TRUE
20,Female,5.2,Smartphone,7.3,3,FALSE
16,Female,9,Smartphone,5.7,1,TRUE
21,Male,2,Smartphone,7.5,4,FALSE
17,Male,5,Smartphone,6.3,2,FALSE
17,Female,3.5,Smartphone,9.1,4,TRUE
18,Non-Binary,10.1,Smartphone,3.4,1,FALSE
16,Female,4.2,Smartphone,6.4,2,FALSE
22,Female,2.4,Smartphone,6.8,4,FALSE
17,Male,8.7,Laptop/PC,5.3,2,TRUE
19,Male,5.5,Smartphone,6.1,2,TRUE
20,Female,4.6,Smartphone,8.6,3,TRUE
21,Male,3.7,Laptop/PC,5.5,2,FALSE
18,Female,3.9,Smartphone,7.1,3,FALSE
20,Male,3.8,Smartphone,6.6,2,FALSE
21,Female,3,Smartphone,7.2,3,TRUE
19,Male,4.5,Smartphone,6.1,2,TRUE
22,Female,2.5,Laptop/PC,7.4,4,FALSE
19,Male,6.6,Smartphone,5.6,3,TRUE
19,Male,3.2,Smartphone,8.3,4,FALSE
19,Female,5.7,Smartphone,5.8,1,TRUE
19,Female,10.5,Smartphone,5.7,1,FALSE
22,Male,1.4,Smartphone,7.6,4,FALSE
18,Male,8.7,Smartphone,6.5,3,TRUE
19,Female,4.8,Smartphone,5.8,3,FALSE
17,Female,1.8,Smartphone,8.2,4,FALSE
19,Male,4,Smartphone,6.4,3,TRUE
19,Female,5.4,Smartphone,5.9,2,TRUE
15,Male,4.2,Smartphone,6.3,2,FALSE
20,Male,6,Laptop/PC,7.2,2,FALSE
20,Female,3.9,Smartphone,7.1,3,FALSE
18,Male,2.8,Smartphone,7.1,2,TRUE
16,Female,3.2,Smartphone,7.8,3,FALSE
20,Female,10.8,Smartphone,5.2,1,TRUE
18,Prefer not to say,11.1,Smartphone,5.1,1,FALSE
18,Male,4.1,Smartphone,8,3,FALSE
16,Male,4.8,Smartphone,7.5,3,FALSE
20,Female,8.6,Smartphone,5.5,3,TRUE
20,Non-Binary,5.8,Smartphone,5.6,2,TRUE
18,Female,6.2,Smartphone,6.4,2,TRUE
18,Female,5.4,Smartphone,6.6,2,FALSE
19,Female,3.7,Smartphone,7.5,3,FALSE
17,Female,5.3,Laptop/PC,8.2,3,TRUE
17,Male,3.8,Smartphone,7.9,4,FALSE
17,Male,7.5,Laptop/PC,6.4,3,TRUE
18,Male,2,Laptop/PC,8.8,5,FALSE
18,Male,5,Smartphone,7.8,4,TRUE
18,Female,9.5,Smartphone,6.5,2,FALSE
19,Male,13,Smartphone,3.7,1,TRUE
17,Prefer not to say,3.3,Smartphone,5.3,3,FALSE
19,Female,8.5,Laptop/PC,3.8,1,TRUE
19,Female,6.2,Laptop/PC,6.1,1,TRUE
17,Male,5.5,Smartphone,6.4,2,TRUE
21,Female,3.3,Tablet,7.4,4,FALSE
17,Female,2.2,Smartphone,7.7,4,FALSE
19,Male,8.9,Smartphone,7.5,2,TRUE
20,Female,5.3,Smartphone,6.3,3,FALSE
19,Female,3.1,Smartphone,7.3,2,FALSE
15,Male,3.4,Smartphone,6.2,3,FALSE
19,Female,2.4,Smartphone,8,3,FALSE
19,Male,5.7,Smartphone,7.1,2,TRUE
22,Female,4.5,Smartphone,7,2,TRUE
21,Male,8.8,Smartphone,6.2,2,FALSE
17,Male,4.2,Smartphone,7.8,2,TRUE
18,Male,9.7,Laptop/PC,5.6,1,FALSE
21,Female,4.8,Smartphone,7.2,3,FALSE
16,Female,6.6,Smartphone,6.6,3,FALSE
18,Non-Binary,5.7,Smartphone,5.7,3,TRUE
21,Female,4.9,Smartphone,8.3,4,TRUE
17,Female,5.8,Smartphone,6.1,2,TRUE
18,Male,6.1,Smartphone,6.7,3,TRUE
17,Male,7.2,Smartphone,7.2,2,TRUE
19,Female,2.6,Smartphone,7.4,3,TRUE
16,Female,2.2,Laptop/PC,7.6,3,FALSE
19,Female,6.8,Laptop/PC,5.8,2,TRUE
20,Female,3.8,Smartphone,7.3,3,TRUE
18,Female,7.5,Smartphone,5.3,1,TRUE
21,Female,6.2,Tablet,6.7,2,TRUE
19,Male,4.2,Smartphone,6.8,3,TRUE
17,Male,6.9,Smartphone,4.9,1,TRUE
19,Female,2.7,Smartphone,6.5,3,TRUE
18,Female,3.5,Smartphone,8.4,3,FALSE
17,Male,4.6,Laptop/PC,6.7,4,FALSE
18,Female,4,Smartphone,7,3,FALSE
16,Female,4.5,Smartphone,8.4,3,FALSE
18,Male,2.9,Smartphone,7.3,3,FALSE
22,Female,4.9,Smartphone,7,2,FALSE
19,Male,2.7,Smartphone,8.2,4,TRUE
25,Female,3.4,Smartphone,8.5,4,FALSE
20,Female,1.6,Smartphone,9.7,5,TRUE
18,Female,3.7,Laptop/PC,7.5,2,TRUE
20,Male,6.2,Smartphone,8.1,2,TRUE
23,Female,8.2,Smartphone,4.6,2,TRUE
20,Male,4.8,Smartphone,6.1,1,FALSE
20,Male,7,Smartphone,5.2,1,FALSE
17,Male,3.7,Smartphone,7.2,4,FALSE
19,Non-Binary,5.5,Smartphone,6.8,3,TRUE
16,Male,4.8,Smartphone,7.4,3,FALSE
22,Male,2.2,Smartphone,8.2,5,TRUE
18,Male,8.9,Smartphone,6.8,2,FALSE
18,Male,3.6,Smartphone,7.9,3,FALSE
20,Female,6.6,Smartphone,6.4,2,TRUE
16,Male,4.4,Smartphone,7.6,3,TRUE
24,Male,4.8,Laptop/PC,10,5,FALSE
18,Prefer not to say,6.2,Smartphone,7.3,2,TRUE
16,Male,3.4,Smartphone,7.6,3,TRUE
23,Female,5.4,Smartphone,6.1,3,FALSE
17,Female,6.2,Smartphone,6.2,2,TRUE
18,Male,4,Tablet,7.7,3,FALSE
19,Male,2.1,Smartphone,7.9,3,FALSE
19,Male,2,Laptop/PC,8.9,4,FALSE
20,Female,3.7,Smartphone,7,3,TRUE
19,Female,5.6,Laptop/PC,6.2,2,FALSE
19,Male,3.8,Tablet,7.4,3,TRUE
18,Female,4,Smartphone,6.1,2,TRUE
23,Female,1.9,Smartphone,8.7,4,FALSE
18,Male,1.3,Laptop/PC,7.5,4,FALSE
19,Female,6.3,Smartphone,6.2,2,FALSE
18,Female,12.7,Tablet,4.3,1,TRUE
21,Female,3.5,Smartphone,6.7,3,FALSE
18,Male,4.3,Smartphone,7.8,2,TRUE
21,Female,6.3,Smartphone,4.9,1,TRUE
19,Non-Binary,10.4,Smartphone,4.4,1,TRUE
18,Male,6.2,Laptop/PC,5.5,1,TRUE
19,Male,2.8,Smartphone,6.7,4,TRUE
18,Male,3.5,Smartphone,8.5,3,FALSE
16,Female,4.9,Smartphone,7.1,3,FALSE
17,Female,4,Smartphone,7,4,TRUE
21,Male,4.3,Laptop/PC,8.1,3,FALSE
21,Male,1.2,Smartphone,7,3,FALSE
16,Male,5.2,Laptop/PC,6.6,3,TRUE
17,Male,4.4,Smartphone,7.4,4,FALSE
21,Female,5.9,Smartphone,7.9,3,TRUE
18,Female,5.1,Smartphone,7.4,2,TRUE
18,Male,5.5,Smartphone,6.9,2,TRUE
21,Female,3,Smartphone,6,2,FALSE
20,Female,5.7,Smartphone,7.6,3,TRUE
15,Male,2.3,Laptop/PC,7.3,2,FALSE
17,Male,3,Smartphone,6.3,2,TRUE
20,Female,7.3,Smartphone,5.5,2,TRUE
19,Female,3.4,Laptop/PC,5.8,2,FALSE
21,Male,7,Tablet,6.9,2,TRUE
17,Male,8.2,Smartphone,5.4,2,TRUE
23,Non-Binary,5.1,Smartphone,7.3,2,TRUE
20,Female,6.6,Laptop/PC,6.6,1,TRUE
22,Male,3.1,Smartphone,8.3,4,TRUE
18,Female,5.9,Smartphone,5.1,1,FALSE
16,Female,1.9,Smartphone,8.3,3,FALSE
19,Female,2.3,Smartphone,7.2,3,FALSE
23,Male,9.6,Smartphone,5,1,TRUE
18,Female,10.1,Smartphone,5.4,1,FALSE
19,Male,5.7,Smartphone,6.5,2,TRUE
18,Male,8.5,Smartphone,6.8,1,TRUE
19,Male,5.8,Laptop/PC,6.5,2,TRUE
17,Female,5,Smartphone,5.2,2,TRUE
21,Female,2.1,Smartphone,8.4,3,TRUE
18,Male,7.1,Smartphone,6.5,1,TRUE
22,Male,5.7,Smartphone,6.9,1,TRUE
22,Female,2.1,Smartphone,8.6,4,TRUE
22,Female,3.6,Tablet,6.2,2,TRUE
19,Female,3.5,Smartphone,7.7,3,TRUE
22,Male,7.9,Smartphone,5.8,2,TRUE
18,Female,6,Smartphone,5.4,2,TRUE
17,Non-Binary,2.8,Tablet,7.1,2,FALSE
25,Female,4.9,Smartphone,5.9,1,TRUE
16,Female,2.9,Smartphone,8.5,3,FALSE
17,Male,6.2,Laptop/PC,7.8,4,FALSE
19,Female,8.2,Laptop/PC,5.5,1,TRUE
19,Male,10.6,Smartphone,6.3,2,TRUE
18,Male,5.1,Laptop/PC,5.8,2,TRUE
19,Female,4.8,Smartphone,6.1,1,FALSE
21,Male,8.5,Laptop/PC,6.8,2,TRUE
19,Female,2,Tablet,8.6,5,FALSE
21,Male,4.4,Laptop/PC,6.5,2,FALSE
17,Prefer not to say,4,Laptop/PC,6.8,2,TRUE
18,Female,14,Smartphone,3,1,TRUE
17,Male,5.2,Smartphone,8.1,3,TRUE
17,Prefer not to say,5.1,Smartphone,6.1,2,TRUE
21,Female,5,Smartphone,7.4,3,FALSE
18,Male,6.2,Smartphone,6.3,2,TRUE
20,Female,2.4,Smartphone,7,2,FALSE
21,Female,5.1,Smartphone,7.2,3,FALSE
20,Male,3.6,Smartphone,6.3,2,FALSE
20,Female,2,Smartphone,8.8,4,TRUE
19,Female,10.7,Smartphone,5.3,1,TRUE
21,Female,3.4,Smartphone,7.9,4,FALSE
26,Female,8,Smartphone,4.7,1,FALSE
21,Male,14,Smartphone,4.3,1,FALSE
17,Male,2.6,Smartphone,9,4,TRUE
23,Male,3.7,Smartphone,7.9,3,FALSE
20,Female,5.7,Smartphone,7.4,3,TRUE
19,Female,7.8,Smartphone,6.5,1,FALSE
21,Male,9.1,Smartphone,6.2,1,TRUE
15,Male,7.8,Smartphone,5.3,1,TRUE
21,Female,10.5,Smartphone,5.5,1,TRUE
16,Male,5.3,Smartphone,6.6,2,FALSE
22,Female,7.1,Smartphone,6,2,TRUE
18,Male,3.5,Smartphone,6.8,2,FALSE
20,Female,4.4,Smartphone,8.1,4,FALSE
18,Female,9.3,Smartphone,5.3,1,TRUE
19,Female,3.2,Smartphone,7.8,2,TRUE
18,Female,11.4,Smartphone,3.5,1,TRUE
17,Male,7.5,Smartphone,6.7,2,FALSE
18,Female,7.6,Smartphone,4.5,1,TRUE
15,Male,9,Smartphone,5.8,1,TRUE
21,Male,4.5,Smartphone,6.6,3,FALSE
19,Female,3.7,Smartphone,7.6,3,TRUE
20,Female,4.2,Smartphone,7.2,3,FALSE
19,Male,2.9,Laptop/PC,5.7,2,FALSE
20,Female,7.9,Smartphone,5.9,2,TRUE
19,Female,5.6,Smartphone,5,1,TRUE
18,Female,7,Smartphone,6.5,2,FALSE
15,Female,4.2,Smartphone,6.9,2,TRUE
17,Female,2.3,Smartphone,8.1,3,FALSE
17,Female,6.3,Smartphone,5.4,1,FALSE
17,Female,5,Smartphone,7,3,TRUE
19,Female,6,Laptop/PC,7.7,2,TRUE
20,Female,2.8,Tablet,8.1,3,TRUE
17,Female,9.8,Tablet,7.1,2,TRUE
19,Male,7.3,Tablet,7.1,2,TRUE
18,Male,3.2,Laptop/PC,7.3,4,TRUE
17,Male,5.3,Smartphone,8.3,3,TRUE
19,Male,5.4,Smartphone,5,2,FALSE
17,Male,4.7,Smartphone,6.9,3,FALSE
22,Male,6.3,Smartphone,6.6,2,TRUE
19,Female,3,Laptop/PC,7.9,3,FALSE
19,Female,6.6,Smartphone,6.8,1,FALSE
15,Male,3.5,Smartphone,8.9,4,TRUE
19,Male,9.7,Smartphone,5.7,1,FALSE
18,Female,3.9,Laptop/PC,7.8,3,FALSE
16,Male,5.7,Smartphone,6.3,1,TRUE
18,Prefer not to say,5.1,Smartphone,6.9,3,TRUE
18,Female,6.5,Tablet,7.5,2,TRUE
20,Female,7.4,Smartphone,5.8,1,TRUE
19,Male,3.9,Smartphone,8.1,4,FALSE
17,Female,7.9,Smartphone,5.3,1,TRUE
20,Male,6.1,Smartphone,5.2,1,TRUE
17,Male,5.5,Smartphone,8,3,TRUE
20,Male,4,Smartphone,7.6,3,FALSE
20,Female,6.6,Smartphone,5.2,2,TRUE
19,Male,2.5,Smartphone,7.6,2,FALSE
20,Female,3.8,Smartphone,6.8,3,FALSE
23,Male,4.7,Smartphone,6.4,2,FALSE
15,Female,2.1,Smartphone,7.4,4,FALSE
22,Male,4.9,Smartphone,8,3,FALSE
20,Female,10,Smartphone,5.3,1,FALSE
19,Female,5,Smartphone,7.2,3,FALSE
21,Male,4.1,Smartphone,6.7,3,TRUE
19,Male,4.5,Tablet,7.2,3,TRUE
20,Female,4.3,Smartphone,7.8,4,FALSE
18,Female,3.9,Laptop/PC,7.8,4,FALSE
18,Male,2.2,Smartphone,7.7,4,TRUE
21,Female,5.2,Smartphone,6.5,2,TRUE
17,Female,9.7,Laptop/PC,5.6,1,FALSE
18,Male,5.6,Laptop/PC,7.4,3,TRUE
20,Female,6,Smartphone,5.9,2,TRUE
16,Female,5.8,Smartphone,5.6,2,TRUE
19,Male,8.5,Smartphone,4.8,1,TRUE
16,Male,1.9,Laptop/PC,7.7,3,TRUE
21,Male,9.1,Smartphone,5.6,1,TRUE
18,Female,3.5,Smartphone,6.4,3,FALSE
19,Female,9.9,Smartphone,6.1,1,TRUE
17,Female,4.1,Smartphone,5.9,3,TRUE
18,Female,1.7,Smartphone,6,3,FALSE
18,Female,4.6,Smartphone,7.4,2,FALSE
19,Male,5.7,Smartphone,5.5,2,TRUE
26,Male,5.1,Smartphone,7.2,4,TRUE
19,Male,3.9,Smartphone,8.1,3,TRUE
20,Male,2.5,Smartphone,8.4,3,FALSE
16,Male,6.7,Smartphone,5.7,2,TRUE
19,Male,4.3,Smartphone,9.3,4,FALSE
19,Male,3.7,Smartphone,7.6,4,FALSE
19,Male,5.8,Smartphone,5.3,1,TRUE
20,Female,5.7,Laptop/PC,5.5,2,TRUE
19,Male,8.8,Smartphone,5.9,2,TRUE
20,Female,4.6,Smartphone,7.4,3,TRUE
20,Female,2.5,Smartphone,9.6,4,TRUE
18,Male,2.2,Smartphone,8,3,FALSE
18,Male,7.6,Laptop/PC,7.4,3,TRUE
18,Female,5.9,Smartphone,6.4,1,TRUE
19,Female,5.3,Laptop/PC,6.8,3,TRUE
19,Female,7.6,Smartphone,6.5,3,TRUE
19,Prefer not to say,5.3,Smartphone,5.5,2,FALSE
16,Female,5.1,Smartphone,5.5,2,FALSE
19,Male,7.2,Smartphone,7.4,3,TRUE
17,Female,5.1,Smartphone,5.7,3,TRUE
17,Female,4.1,Smartphone,5.5,3,TRUE
23,Female,3.7,Smartphone,5.9,2,TRUE
23,Male,12.4,Smartphone,4.6,1,TRUE
23,Non-Binary,3.9,Smartphone,5.8,2,TRUE
20,Female,5,Smartphone,8.2,2,FALSE
17,Female,3.8,Smartphone,7.9,3,FALSE
20,Female,3.3,Smartphone,8.5,4,FALSE
16,Prefer not to say,3.2,Smartphone,7,2,FALSE
17,Male,2.7,Smartphone,6.4,2,FALSE
17,Male,4.6,Smartphone,7.7,1,TRUE
18,Female,4,Smartphone,8.4,3,FALSE
19,Non-Binary,3.7,Smartphone,8.1,3,TRUE
18,Non-Binary,5,Laptop/PC,5.6,3,TRUE
17,Male,6.4,Laptop/PC,6.9,3,TRUE
19,Male,6.8,Laptop/PC,5.6,2,TRUE
19,Male,9.4,Smartphone,5.6,2,TRUE
17,Male,2.9,Laptop/PC,8.2,3,FALSE
19,Female,2.8,Smartphone,6.9,3,FALSE
17,Male,10,Smartphone,5.8,1,FALSE
16,Female,3,Smartphone,7.2,2,TRUE
19,Female,6.6,Smartphone,6.8,4,FALSE
19,Male,4.5,Smartphone,7.2,3,FALSE
17,Female,2.9,Smartphone,7.4,4,FALSE
19,Male,5.6,Smartphone,7.1,3,TRUE
18,Female,3.1,Smartphone,6.8,3,FALSE
20,Female,6.9,Laptop/PC,4.9,1,TRUE
19,Female,3,Smartphone,6.7,2,FALSE
21,Female,4.6,Tablet,7.3,3,TRUE
16,Female,6.4,Smartphone,6.7,2,TRUE
21,Male,4.3,Smartphone,6.5,3,TRUE
17,Male,11.6,Smartphone,3.9,1,TRUE
18,Female,3.7,Smartphone,6.1,4,TRUE
22,Male,3.2,Smartphone,8.6,4,FALSE
18,Female,1.4,Laptop/PC,8.3,5,FALSE
19,Female,3.5,Smartphone,8,3,TRUE
20,Male,7.9,Smartphone,6.5,2,TRUE
26,Male,9.2,Smartphone,4.8,1,TRUE
19,Male,5.4,Smartphone,5.9,1,TRUE
17,Female,3.4,Smartphone,7.9,2,FALSE
17,Female,3.7,Laptop/PC,6.8,2,FALSE
18,Male,4.6,Smartphone,7.4,3,FALSE
25,Male,2,Smartphone,8.2,3,FALSE
22,Male,5.3,Smartphone,5.8,2,TRUE
19,Female,5.2,Smartphone,6.8,3,TRUE
19,Female,11.1,Laptop/PC,4,1,TRUE
20,Male,5.7,Laptop/PC,6.8,4,TRUE
19,Female,5.1,Smartphone,6.2,2,TRUE
19,Female,4.6,Smartphone,7.3,3,TRUE
18,Female,5.4,Smartphone,7.3,3,TRUE
17,Male,6.7,Laptop/PC,6.5,2,TRUE
20,Female,5.4,Smartphone,7.8,3,TRUE
26,Female,8.6,Smartphone,5.7,2,TRUE
17,Male,6.5,Smartphone,6.2,2,TRUE
18,Female,2.6,Smartphone,7.6,3,TRUE
20,Male,4.4,Smartphone,6.5,2,FALSE
20,Female,4.3,Smartphone,7,3,FALSE
21,Female,2,Smartphone,8.5,4,FALSE
17,Female,4.5,Smartphone,7,2,TRUE
18,Male,2.5,Smartphone,7.6,3,TRUE
20,Male,1.7,Smartphone,9.1,4,TRUE
18,Prefer not to say,8.2,Smartphone,6.6,2,TRUE
16,Male,2.2,Laptop/PC,7.3,4,FALSE
21,Female,4,Laptop/PC,6.5,3,FALSE
23,Male,13.5,Smartphone,3.6,1,FALSE
17,Female,8.5,Smartphone,6.7,1,TRUE
17,Male,5.6,Smartphone,7,3,TRUE
17,Male,8.5,Smartphone,6.7,2,TRUE
16,Male,4.8,Smartphone,6.9,3,FALSE
20,Female,5.6,Smartphone,4.8,2,TRUE
18,Male,6.5,Smartphone,7.5,2,TRUE
20,Male,12.2,Smartphone,3.9,1,TRUE
19,Non-Binary,3.2,Laptop/PC,7.5,3,TRUE
25,Female,2.8,Laptop/PC,8.1,4,TRUE
16,Female,3.3,Smartphone,6.6,2,FALSE
16,Male,2.2,Smartphone,8.2,3,FALSE
15,Female,4.4,Smartphone,7,2,FALSE
17,Male,5.6,Smartphone,7.6,2,FALSE
20,Female,4.4,Smartphone,8.1,4,TRUE
17,Non-Binary,6.6,Smartphone,5.1,1,FALSE
15,Female,2.7,Smartphone,7.1,4,FALSE
18,Male,2.7,Smartphone,8.3,4,FALSE
18,Female,3.1,Smartphone,6.6,2,FALSE
18,Male,11.1,Smartphone,5,1,TRUE
18,Female,3.3,Laptop/PC,6.7,2,FALSE
20,Female,4.9,Smartphone,6.3,3,FALSE
21,Male,3.2,Smartphone,7.6,2,FALSE
18,Female,6.1,Smartphone,7,3,TRUE
15,Non-Binary,4.7,Smartphone,7.8,2,TRUE
17,Male,2.3,Smartphone,8.2,3,TRUE
18,Male,4.7,Smartphone,6.9,2,TRUE
15,Female,6.5,Smartphone,7,3,TRUE
19,Male,4.1,Smartphone,6.3,3,FALSE
19,Male,7.1,Smartphone,4.7,1,FALSE
21,Female,2.3,Laptop/PC,7,4,FALSE
17,Female,7.8,Smartphone,6,1,TRUE
19,Female,3.1,Smartphone,8.2,4,FALSE
24,Male,2.3,Smartphone,7.6,4,FALSE
19,Female,5.6,Smartphone,6.9,3,FALSE
19,Female,2.7,Smartphone,8,3,TRUE
17,Male,3.7,Smartphone,7,2,FALSE
20,Female,4.1,Laptop/PC,7.1,3,TRUE
19,Male,3.7,Smartphone,8,4,FALSE
17,Male,2.3,Smartphone,7.2,3,FALSE
18,Female,3.6,Smartphone,6.4,2,FALSE
21,Male,2.8,Smartphone,8.6,3,TRUE
18,Male,4.9,Smartphone,6.7,2,FALSE
19,Female,6.1,Smartphone,7.6,2,TRUE
23,Female,6.6,Smartphone,5.9,1,TRUE
16,Female,3.4,Smartphone,8.4,4,TRUE
15,Female,2.8,Smartphone,6.3,3,FALSE
19,Female,3.1,Smartphone,8.1,3,TRUE
18,Male,2.3,Smartphone,9.1,5,FALSE
17,Male,6.8,Smartphone,7.1,2,TRUE
20,Female,2.7,Smartphone,7.4,4,TRUE
16,Male,7.7,Smartphone,6.5,2,TRUE
22,Non-Binary,5.8,Smartphone,6.8,3,TRUE
17,Female,8.3,Smartphone,4.4,1,TRUE
18,Male,5.6,Smartphone,7.6,3,TRUE
17,Male,4.5,Smartphone,7.9,3,TRUE
17,Male,3.7,Smartphone,6.7,2,TRUE
17,Female,7.9,Smartphone,5.6,2,TRUE
17,Male,3.8,Smartphone,7.7,2,TRUE
17,Male,3.9,Smartphone,7.6,3,TRUE
15,Female,6.6,Smartphone,7.1,2,TRUE
19,Male,5.1,Smartphone,8.2,3,TRUE
17,Female,5.2,Smartphone,7.4,3,TRUE
22,Female,3.5,Smartphone,7.1,3,FALSE
16,Female,4,Smartphone,8.6,3,FALSE
19,Male,11.7,Smartphone,4.7,1,TRUE
18,Female,5.1,Smartphone,4.4,1,FALSE
18,Male,5,Laptop/PC,7.1,1,FALSE
18,Female,3.9,Smartphone,5.5,1,TRUE
15,Female,3,Smartphone,6,3,TRUE
18,Female,4.4,Smartphone,8,5,FALSE
23,Female,4.4,Laptop/PC,9.1,3,FALSE
16,Male,3.6,Laptop/PC,5,2,TRUE
18,Male,8.9,Tablet,5.4,1,TRUE
18,Female,1.8,Smartphone,7.6,3,FALSE
19,Male,3.8,Laptop/PC,7.5,3,FALSE
18,Male,2.9,Tablet,7,3,FALSE
16,Male,4.3,Smartphone,7,2,TRUE
18,Female,3.6,Smartphone,7,2,FALSE
22,Male,4.9,Smartphone,7.6,3,FALSE
18,Female,4.6,Smartphone,6,2,TRUE
18,Female,4.6,Smartphone,7.3,3,FALSE
24,Male,3.7,Smartphone,7.5,5,TRUE
19,Female,7.9,Smartphone,4.9,2,TRUE
18,Male,2.9,Smartphone,7.6,3,FALSE
18,Male,7.7,Smartphone,6.9,2,TRUE
18,Male,4.4,Smartphone,7.1,3,FALSE
18,Male,5.1,Smartphone,5.6,2,TRUE
18,Male,8.7,Smartphone,7.2,3,TRUE
18,Female,7.6,Laptop/PC,5.4,1,TRUE
18,Male,5.6,Smartphone,8,2,TRUE
16,Non-Binary,4,Smartphone,5.9,3,TRUE
21,Male,3.1,Smartphone,6.7,3,TRUE
21,Male,4.6,Laptop/PC,8.3,5,FALSE
16,Male,1.7,Smartphone,8.2,3,FALSE
17,Male,2.5,Smartphone,6.8,3,TRUE
21,Male,1.9,Smartphone,8.8,5,FALSE
17,Female,4.2,Smartphone,5.8,2,TRUE
18,Male,3.9,Smartphone,6.1,2,FALSE
22,Female,5.7,Smartphone,6.3,2,TRUE
18,Male,4.4,Smartphone,6.3,2,FALSE
17,Male,6.9,Smartphone,6.7,1,TRUE
17,Female,3.6,Smartphone,8.1,5,FALSE
18,Male,4.8,Smartphone,6.9,3,FALSE
23,Female,7.3,Smartphone,6.7,2,TRUE
17,Male,6.4,Smartphone,6.7,3,TRUE
16,Female,4.3,Laptop/PC,8.4,4,TRUE
16,Female,4.2,Smartphone,8.3,4,FALSE
18,Male,5.7,Smartphone,6.7,3,TRUE
17,Female,6.4,Smartphone,5.6,2,TRUE
19,Male,3,Laptop/PC,7.7,4,FALSE
18,Male,10.4,Smartphone,4.8,1,FALSE
21,Female,8.1,Smartphone,6.5,2,TRUE
19,Female,6.3,Smartphone,6.8,2,TRUE
18,Female,2.8,Smartphone,7.3,3,FALSE
20,Male,4.7,Smartphone,7.5,3,FALSE
22,Male,4.6,Smartphone,7,3,TRUE
17,Female,4.4,Smartphone,6,3,FALSE
18,Female,5.4,Smartphone,7.3,3,TRUE
17,Male,3.5,Smartphone,7.9,4,TRUE
20,Male,10.1,Smartphone,4.8,1,TRUE
18,Male,2.9,Smartphone,8,4,TRUE
18,Male,5.1,Smartphone,5.3,1,FALSE
20,Male,3.3,Smartphone,7.9,4,FALSE
17,Female,2.1,Laptop/PC,7.7,3,FALSE
17,Female,4.8,Smartphone,8.1,3,TRUE
18,Female,2.2,Laptop/PC,8.2,4,FALSE
20,Female,3.8,Smartphone,6.8,2,FALSE
19,Female,7.5,Smartphone,6.8,2,FALSE
20,Male,5,Smartphone,7.2,3,TRUE
21,Female,5.7,Smartphone,4.7,2,TRUE
16,Female,4.6,Smartphone,7.2,3,FALSE
19,Male,6.6,Smartphone,5.9,1,TRUE
21,Female,3.2,Smartphone,7.3,3,TRUE
21,Female,10,Smartphone,3.8,1,TRUE
20,Male,2.2,Laptop/PC,8.6,4,TRUE
18,Male,2.4,Smartphone,7.9,3,FALSE
19,Female,4.5,Smartphone,6,3,FALSE
22,Male,11.3,Smartphone,5.5,1,TRUE
18,Female,6.1,Smartphone,5.9,3,TRUE
17,Female,8.3,Smartphone,5.5,1,TRUE
21,Non-Binary,4.6,Smartphone,7.1,2,FALSE
19,Female,6.7,Laptop/PC,5.5,2,TRUE
22,Male,4.8,Smartphone,6.1,1,TRUE
16,Female,4,Smartphone,5.8,2,TRUE
18,Male,3.8,Smartphone,7.1,3,FALSE
22,Male,7.5,Smartphone,5.1,2,TRUE
21,Female,3.8,Smartphone,6.3,2,TRUE
19,Female,9.3,Smartphone,5.1,1,TRUE
17,Female,4.8,Laptop/PC,5.8,1,TRUE
15,Male,4.2,Smartphone,8,4,TRUE
17,Male,3.8,Laptop/PC,6.6,3,TRUE
26,Female,3.9,Laptop/PC,8.3,3,FALSE
16,Female,3.7,Smartphone,6.8,3,FALSE
18,Female,4,Smartphone,7.7,5,TRUE
19,Male,2.9,Smartphone,7.1,4,TRUE
18,Female,8.8,Smartphone,6,1,TRUE
20,Male,6.1,Smartphone,6.8,1,TRUE
21,Male,2.3,Smartphone,8.1,5,FALSE
20,Female,5.2,Smartphone,7,3,TRUE
17,Male,2.9,Smartphone,7.4,3,FALSE
19,Male,6.1,Laptop/PC,7.6,3,TRUE
17,Female,9.4,Smartphone,4.9,1,TRUE
20,Female,8.8,Smartphone,4.9,1,FALSE
17,Female,4.4,Smartphone,6.2,2,FALSE
19,Female,7.7,Laptop/PC,5,1,TRUE
15,Female,3.6,Smartphone,5.8,1,FALSE
22,Male,6.9,Smartphone,6.8,1,TRUE
17,Female,2.7,Smartphone,7.5,3,FALSE
18,Female,4.3,Smartphone,7.8,3,FALSE
16,Male,4.6,Smartphone,7.5,3,TRUE
18,Male,1.3,Smartphone,8.1,4,FALSE
17,Female,3.5,Smartphone,6.7,2,TRUE
15,Male,4.4,Laptop/PC,6.1,2,FALSE
17,Male,10.9,Smartphone,4.8,1,TRUE
15,Male,4.3,Smartphone,7.4,2,FALSE
22,Female,6.7,Smartphone,6.3,2,TRUE
20,Male,4.8,Smartphone,5.9,3,FALSE
17,Female,5.2,Smartphone,5.7,2,TRUE
18,Male,2.1,Smartphone,7.2,4,FALSE
26,Male,5.8,Smartphone,7.2,3,FALSE
18,Female,5.4,Smartphone,6.6,3,TRUE
19,Non-Binary,4.2,Smartphone,6.5,2,FALSE
18,Female,6.6,Smartphone,5.8,3,TRUE
18,Female,3.6,Laptop/PC,8,4,TRUE
16,Female,8.9,Smartphone,5,1,TRUE
17,Female,3.9,Smartphone,8.1,3,FALSE
18,Female,3.1,Smartphone,6.9,2,FALSE
18,Female,5.9,Smartphone,6.4,1,TRUE
18,Male,5.7,Laptop/PC,6.4,2,TRUE
20,Female,6,Smartphone,5.8,2,FALSE
18,Female,5,Smartphone,7.9,4,FALSE
18,Female,3.5,Smartphone,6.4,3,FALSE
22,Female,5.6,Smartphone,7.7,4,TRUE
21,Female,6.1,Laptop/PC,6.4,2,FALSE
19,Male,5.8,Smartphone,7.5,2,TRUE
20,Male,1.6,Laptop/PC,8.5,4,FALSE
18,Male,5.9,Laptop/PC,5.8,3,TRUE
16,Male,10.6,Smartphone,4.9,1,TRUE
22,Prefer not to say,1.9,Smartphone,8.8,4,TRUE
17,Prefer not to say,7.6,Laptop/PC,6.2,1,FALSE
21,Male,5.1,Tablet,5.5,2,FALSE
20,Female,12.4,Smartphone,3.3,1,FALSE
17,Female,3.8,Laptop/PC,8.4,3,TRUE
23,Male,12,Smartphone,4.8,1,TRUE
17,Male,1.8,Laptop/PC,5.9,3,TRUE
15,Female,1,Smartphone,8.2,4,TRUE
17,Male,7.2,Smartphone,6.5,2,TRUE
16,Female,2.9,Smartphone,7.5,3,FALSE
18,Female,5.5,Smartphone,6.5,4,TRUE
19,Male,4,Smartphone,7.3,3,FALSE
15,Male,2.1,Smartphone,7.1,3,TRUE
18,Female,5.1,Smartphone,6.7,3,TRUE
20,Female,3.8,Laptop/PC,6.2,3,TRUE
20,Male,7,Laptop/PC,5.5,1,TRUE
18,Male,2.5,Smartphone,7.7,3,FALSE
18,Male,3.7,Smartphone,6,2,FALSE
19,Female,2.3,Smartphone,7.4,3,FALSE
21,Male,1.9,Laptop/PC,8.4,4,TRUE
20,Female,2.1,Smartphone,8,3,TRUE
18,Female,7.7,Smartphone,5.5,1,TRUE
17,Female,6.9,Smartphone,6.3,2,FALSE
20,Male,2.2,Smartphone,7.1,3,TRUE
19,Female,4.9,Laptop/PC,6.6,3,FALSE
17,Female,6.5,Smartphone,5.1,2,TRUE
21,Male,3.1,Smartphone,5.4,3,FALSE
17,Prefer not to say,4.7,Smartphone,7.4,3,FALSE
20,Female,5.2,Smartphone,6.3,3,TRUE
19,Male,5.6,Smartphone,5.3,1,TRUE
19,Female,4.1,Smartphone,8.5,3,FALSE
19,Male,4.4,Laptop/PC,6.1,2,TRUE
15,Female,4.8,Smartphone,5.9,3,TRUE
16,Female,4.1,Smartphone,6.1,2,FALSE
19,Male,9,Smartphone,4.7,1,TRUE
17,Female,6.8,Smartphone,5.9,1,FALSE
26,Male,6.4,Laptop/PC,4.7,1,TRUE
19,Female,3.1,Smartphone,7.9,3,FALSE
21,Female,4.8,Laptop/PC,9,3,TRUE
20,Male,4.7,Smartphone,8,2,TRUE
19,Male,2.7,Smartphone,7.4,1,TRUE
21,Male,2.4,Smartphone,7.3,3,FALSE
18,Female,2.6,Smartphone,5.7,3,TRUE
18,Male,6.1,Smartphone,6.1,3,TRUE
20,Prefer not to say,14,Smartphone,3.7,1,TRUE
18,Male,3.1,Smartphone,6.9,3,FALSE
19,Male,11.5,Laptop/PC,4.7,1,FALSE
18,Male,2,Smartphone,7.2,3,FALSE
22,Male,3.9,Laptop/PC,7.2,3,FALSE
17,Female,3.5,Smartphone,6.6,2,TRUE
19,Male,4.5,Smartphone,7.4,5,FALSE
18,Male,2.6,Tablet,6.5,3,TRUE
19,Female,6.2,Tablet,8.4,3,FALSE
19,Prefer not to say,5.7,Smartphone,6.9,2,TRUE
16,Female,7,Smartphone,5.3,1,TRUE
20,Female,4.9,Smartphone,7.6,4,FALSE
17,Male,10.5,Smartphone,7.4,2,TRUE
21,Male,9.3,Smartphone,5.1,1,TRUE
18,Female,9.2,Smartphone,5.1,1,TRUE
19,Male,1.6,Smartphone,7.2,3,FALSE
21,Male,3.5,Smartphone,7,4,TRUE
19,Male,6.3,Smartphone,5.4,2,TRUE
20,Female,3.9,Smartphone,5.8,2,TRUE
19,Male,6.3,Smartphone,7,2,TRUE
17,Male,3.2,Smartphone,7.7,4,FALSE
20,Male,3.8,Smartphone,6.7,4,TRUE
21,Male,7.9,Smartphone,6,2,TRUE
20,Male,5.3,Smartphone,7.1,3,FALSE
15,Female,3.7,Smartphone,6.2,3,TRUE
19,Male,10.5,Smartphone,4.8,1,TRUE
18,Male,5.8,Smartphone,7.2,2,TRUE
16,Female,3.9,Smartphone,7.8,3,FALSE
16,Male,5.8,Smartphone,6.9,4,FALSE
20,Male,11.7,Smartphone,4.8,1,TRUE
19,Male,1.9,Smartphone,7.1,4,FALSE
21,Female,6.7,Smartphone,6.3,3,TRUE
19,Male,5,Smartphone,6.5,2,TRUE
17,Female,4.9,Laptop/PC,6,2,FALSE
18,Female,5,Smartphone,6.7,2,TRUE
19,Male,3.8,Smartphone,7.2,2,FALSE
20,Female,3.3,Smartphone,8.2,3,FALSE
18,Male,2.6,Smartphone,8.3,3,FALSE
24,Female,6.8,Smartphone,6.4,2,TRUE
19,Female,2.1,Smartphone,8,3,FALSE
15,Female,2.3,Smartphone,7.3,3,TRUE
15,Female,4.2,Laptop/PC,7.2,3,FALSE
20,Female,4.9,Smartphone,6.4,2,FALSE
19,Female,6.8,Smartphone,5.8,3,FALSE
20,Male,2.7,Laptop/PC,7.2,3,TRUE
21,Male,4.3,Smartphone,8.1,3,FALSE
19,Male,2.7,Smartphone,7.3,4,FALSE
19,Male,1.4,Laptop/PC,6.9,4,TRUE
17,Female,3.7,Smartphone,8.1,3,FALSE
19,Female,3.9,Tablet,7.4,3,FALSE
21,Male,3.4,Smartphone,7.2,3,FALSE
20,Female,4.5,Smartphone,7,3,TRUE
16,Female,4.9,Smartphone,6.7,2,FALSE
21,Female,8,Smartphone,5.8,2,TRUE
18,Female,11.2,Smartphone,6,1,FALSE
19,Female,2.8,Smartphone,6.4,3,FALSE
21,Male,3.1,Smartphone,8.9,4,TRUE
22,Male,4.5,Laptop/PC,7.5,3,FALSE
20,Male,14,Smartphone,4.4,1,FALSE
16,Female,7.1,Laptop/PC,7.2,2,TRUE
17,Female,5.2,Smartphone,7.6,3,TRUE
18,Male,5,Smartphone,6.9,2,FALSE
18,Non-Binary,9.5,Smartphone,4.1,1,TRUE
18,Female,3.2,Smartphone,7.2,4,TRUE
17,Male,7.2,Smartphone,5.9,2,TRUE
20,Male,2.4,Smartphone,9.2,4,TRUE
18,Female,3.5,Smartphone,6.9,2,TRUE
19,Male,4.4,Smartphone,7.2,3,FALSE
19,Prefer not to say,1.8,Smartphone,8.9,4,FALSE
19,Male,6.8,Smartphone,6,1,FALSE
16,Male,5.5,Smartphone,6.3,2,TRUE
18,Male,3.9,Smartphone,8.3,3,FALSE
21,Female,1.2,Smartphone,6.1,3,FALSE
18,Male,5.9,Smartphone,6.8,3,TRUE
18,Female,1.6,Smartphone,8.2,4,FALSE
15,Male,2.8,Laptop/PC,6.2,2,TRUE
20,Male,3.9,Smartphone,6.3,2,TRUE
18,Female,3.5,Smartphone,7.4,3,TRUE
15,Male,14,Smartphone,3,1,TRUE
18,Female,3.5,Laptop/PC,6.4,3,FALSE
18,Female,9.2,Smartphone,5.2,1,TRUE
19,Male,3.2,Smartphone,7.2,3,TRUE
16,Male,3.2,Laptop/PC,7.9,4,TRUE
17,Male,9.5,Smartphone,4.5,1,TRUE
20,Male,7,Smartphone,7.4,2,TRUE
18,Male,2.2,Smartphone,7.6,5,FALSE
17,Female,8.9,Smartphone,5.1,1,TRUE
21,Female,6.9,Laptop/PC,6.3,1,TRUE
22,Male,11.5,Laptop/PC,4,1,TRUE
18,Male,7.7,Smartphone,4.8,1,FALSE
21,Female,6,Smartphone,6.1,2,TRUE
15,Female,7.4,Smartphone,4.8,1,TRUE
17,Male,2.9,Smartphone,6.8,3,TRUE
16,Prefer not to say,3.1,Smartphone,6.6,2,FALSE
18,Male,9.5,Tablet,6.1,2,TRUE
19,Male,5.3,Smartphone,6.2,3,TRUE
17,Male,10,Smartphone,4.8,1,TRUE
19,Male,4.2,Smartphone,6.6,3,FALSE
15,Female,2.5,Smartphone,6,2,TRUE
17,Male,4.5,Smartphone,7.2,3,TRUE
18,Male,8.3,Smartphone,5.6,2,FALSE
17,Male,4.2,Smartphone,7.9,5,FALSE
20,Male,3.7,Laptop/PC,7.2,4,TRUE
22,Female,3.8,Laptop/PC,7.2,3,FALSE
21,Female,4.1,Smartphone,6.4,3,FALSE
16,Male,10.3,Smartphone,4.1,1,TRUE
21,Female,5.2,Smartphone,6.1,2,TRUE
19,Female,8,Smartphone,5.9,1,TRUE
17,Female,2.5,Smartphone,7.2,3,FALSE
26,Female,1.1,Smartphone,8.3,4,TRUE
19,Male,4.8,Laptop/PC,7,2,TRUE
20,Male,12.8,Smartphone,3.4,1,TRUE
19,Female,11.3,Smartphone,4,1,FALSE
19,Female,5.7,Smartphone,6.6,2,TRUE
20,Female,8.1,Smartphone,5.1,1,TRUE
17,Male,3.3,Smartphone,7.4,3,FALSE
15,Female,3.1,Smartphone,7.1,3,FALSE
18,Male,6.2,Smartphone,6.4,3,TRUE
17,Female,4.7,Smartphone,6.2,2,TRUE
16,Male,3.3,Laptop/PC,6.8,2,FALSE
18,Male,5.1,Smartphone,6.7,2,TRUE
17,Male,7.9,Laptop/PC,5.2,1,FALSE
18,Female,7.4,Smartphone,6.5,3,TRUE
18,Male,4,Smartphone,7.6,4,FALSE
18,Female,1.3,Smartphone,10.5,5,TRUE
18,Female,5.6,Smartphone,7.6,3,TRUE
19,Female,2.9,Smartphone,8,5,TRUE
15,Female,3,Smartphone,6.1,2,TRUE
20,Female,8.7,Smartphone,4.9,1,TRUE
15,Female,4.8,Smartphone,7.7,2,TRUE
16,Female,4.7,Smartphone,8.2,2,FALSE
19,Female,4,Smartphone,7.2,2,FALSE
21,Male,5.2,Smartphone,7.4,2,TRUE
24,Male,9.1,Smartphone,5.4,1,TRUE
25,Female,6.8,Smartphone,7.9,3,TRUE
19,Male,5.1,Smartphone,8.1,3,TRUE
20,Male,9.4,Laptop/PC,6.3,1,TRUE
21,Male,8.4,Smartphone,6.3,2,TRUE
20,Female,3.9,Smartphone,8.5,4,TRUE
19,Female,3.4,Smartphone,7.4,4,FALSE
20,Male,2.7,Smartphone,6.5,4,FALSE
19,Male,7.2,Smartphone,6.3,2,TRUE
19,Female,4.6,Smartphone,6.4,2,FALSE
19,Female,5.4,Smartphone,7.1,3,FALSE
22,Male,5.7,Smartphone,5.4,1,FALSE
19,Male,2.8,Smartphone,7.7,4,FALSE
18,Male,3.3,Smartphone,7.4,4,FALSE
17,Female,5.2,Smartphone,7.4,2,TRUE
19,Male,3.7,Smartphone,7.6,4,TRUE
17,Male,4,Smartphone,7.6,2,TRUE
16,Female,10,Smartphone,6.1,1,FALSE
22,Female,2.8,Smartphone,7.9,4,TRUE
21,Male,1.9,Smartphone,7.4,3,FALSE
20,Female,5.1,Laptop/PC,7.8,3,TRUE
19,Female,5.2,Smartphone,8.4,3,TRUE
19,Male,3.9,Smartphone,5.2,2,TRUE
18,Male,11.1,Laptop/PC,5.8,1,TRUE
20,Female,5.7,Smartphone,5.4,2,TRUE
20,Female,3.8,Smartphone,7.4,3,FALSE
19,Male,6.9,Smartphone,5.9,2,FALSE
21,Female,11.9,Smartphone,3,1,TRUE
19,Male,3.5,Smartphone,7.4,2,FALSE
19,Female,5.3,Smartphone,5.8,1,TRUE
22,Male,7,Smartphone,7.1,1,TRUE
19,Female,1.6,Smartphone,7.8,3,FALSE
17,Non-Binary,8.6,Smartphone,5.3,1,TRUE
16,Male,12.6,Smartphone,3.8,1,TRUE
21,Female,1.6,Smartphone,8.9,4,TRUE
19,Male,2.7,Smartphone,7.4,3,TRUE
19,Female,6.8,Smartphone,7.3,3,TRUE
17,Female,2.5,Smartphone,7.5,4,FALSE
18,Female,10.1,Smartphone,5.4,1,TRUE
19,Female,3.4,Smartphone,6,3,FALSE
17,Female,3.6,Smartphone,5.5,3,TRUE
19,Female,4.8,Smartphone,7.8,3,FALSE
19,Non-Binary,6,Smartphone,6.8,2,TRUE
17,Male,3.5,Smartphone,4.9,3,TRUE
20,Female,3.3,Smartphone,8,3,FALSE
17,Male,3.7,Smartphone,7.2,3,FALSE
19,Female,2,Smartphone,8,5,TRUE
19,Male,2.9,Smartphone,8,2,TRUE
18,Male,6.7,Smartphone,6,1,TRUE
18,Male,4.3,Laptop/PC,6.4,3,TRUE
17,Male,8.5,Smartphone,5.6,1,TRUE
19,Male,7,Smartphone,6.3,1,TRUE
15,Female,11.1,Laptop/PC,4.8,1,FALSE
21,Male,3.7,Smartphone,6.4,3,TRUE
21,Male,5.1,Smartphone,7.6,3,FALSE
17,Female,3.3,Laptop/PC,9.2,3,TRUE
18,Male,3.9,Smartphone,7.2,3,TRUE
18,Female,3.5,Smartphone,8.6,5,FALSE
18,Male,5.4,Smartphone,6.1,2,TRUE
20,Female,2.9,Laptop/PC,6.1,3,FALSE
17,Male,3.3,Smartphone,8,4,FALSE
24,Non-Binary,2.3,Smartphone,8.5,4,TRUE
19,Male,6.1,Smartphone,5.1,2,FALSE
15,Female,2.6,Smartphone,7.2,3,TRUE
23,Female,2.6,Smartphone,6.4,2,TRUE
19,Non-Binary,4.7,Smartphone,7.3,4,TRUE
16,Female,5.4,Smartphone,6.2,2,TRUE
17,Female,2.3,Smartphone,7.1,3,FALSE
24,Female,4.8,Laptop/PC,7.4,3,TRUE
18,Male,3.3,Laptop/PC,6.4,3,FALSE
17,Prefer not to say,8,Smartphone,5.9,2,TRUE
17,Female,3.3,Smartphone,6.8,3,TRUE
17,Female,3.4,Smartphone,7.5,3,FALSE
18,Male,8,Smartphone,6.4,2,TRUE
18,Female,8.8,Smartphone,5,1,TRUE
17,Female,8.3,Smartphone,5.4,1,TRUE
18,Non-Binary,3.5,Smartphone,7.9,3,TRUE
15,Male,2.7,Laptop/PC,7.1,3,FALSE
18,Male,8.2,Smartphone,6,2,FALSE
18,Male,3.4,Smartphone,7.3,2,FALSE
21,Female,3.4,Smartphone,7.9,3,FALSE
18,Female,7.2,Laptop/PC,6.4,2,TRUE
18,Male,2.5,Smartphone,7.1,4,TRUE
18,Female,3.8,Smartphone,8.3,3,FALSE
21,Female,3.2,Smartphone,9.2,5,FALSE
19,Female,6.7,Smartphone,7.6,3,TRUE
20,Female,5.2,Smartphone,7.5,4,TRUE
22,Female,5.8,Laptop/PC,5.8,2,TRUE
18,Female,10.4,Smartphone,4.7,1,TRUE
20,Male,1.5,Smartphone,8.4,3,FALSE
20,Female,4.5,Smartphone,6,2,FALSE
26,Male,3.4,Smartphone,8.1,4,TRUE
20,Male,5.6,Smartphone,7.1,2,TRUE
17,Non-Binary,8.4,Smartphone,5.2,1,TRUE
17,Male,3.5,Smartphone,6.3,3,TRUE
19,Male,3,Tablet,6.4,4,FALSE
20,Male,3.9,Smartphone,7,3,TRUE
18,Male,4.5,Smartphone,7.6,3,TRUE
20,Female,7,Smartphone,5.1,2,FALSE
16,Male,14,Smartphone,4.5,1,FALSE
20,Male,4.8,Smartphone,8.1,3,TRUE
18,Male,2.7,Smartphone,9,4,FALSE
18,Male,5.1,Smartphone,6.7,2,TRUE
22,Male,4.3,Smartphone,7.8,4,FALSE
19,Male,5.1,Smartphone,6.2,3,TRUE
19,Female,3.7,Smartphone,8.2,3,TRUE
18,Male,4.6,Smartphone,7,3,TRUE
21,Female,7.2,Laptop/PC,6.3,2,TRUE
20,Female,8.5,Smartphone,6.3,3,TRUE
19,Male,6.1,Smartphone,5.9,1,TRUE
19,Male,9.8,Laptop/PC,4.8,1,TRUE
16,Male,9.4,Laptop/PC,4.4,1,TRUE
19,Female,9.2,Smartphone,5.3,2,TRUE
17,Non-Binary,4.4,Smartphone,7,3,FALSE
24,Male,6.7,Smartphone,4.5,1,TRUE
19,Female,6.7,Smartphone,7.6,3,TRUE
19,Female,10.7,Smartphone,4.3,1,TRUE
26,Female,7.1,Smartphone,5.7,1,TRUE
16,Female,4.4,Smartphone,5.4,2,FALSE
18,Male,4.4,Smartphone,7.3,3,TRUE
21,Male,2.7,Smartphone,8.5,3,FALSE
20,Male,9.2,Smartphone,4.9,1,TRUE
15,Female,5.1,Smartphone,6.9,2,TRUE
17,Female,7.3,Smartphone,6,2,TRUE
18,Male,2.3,Smartphone,9.2,5,FALSE
19,Male,4.5,Smartphone,7.6,3,FALSE
20,Male,4.8,Laptop/PC,7.6,3,FALSE
19,Female,4.7,Smartphone,5.9,2,TRUE
18,Female,6.5,Smartphone,6.2,2,TRUE
18,Male,4.3,Smartphone,7.3,2,FALSE
17,Female,3.1,Smartphone,8.3,4,FALSE
20,Male,7.4,Smartphone,4.9,1,TRUE
20,Female,4.5,Smartphone,6.8,2,TRUE
20,Female,4.6,Smartphone,5.1,1,TRUE
21,Female,5,Smartphone,7.4,3,TRUE
16,Female,4,Smartphone,7.3,3,TRUE
17,Male,8.9,Laptop/PC,5.9,1,TRUE
17,Female,6.5,Smartphone,5.7,1,TRUE
18,Male,5.6,Smartphone,6.3,2,TRUE
15,Male,3.9,Smartphone,6.1,2,TRUE
21,Male,9.1,Smartphone,5.9,1,TRUE
18,Male,5.7,Smartphone,6.4,2,TRUE
22,Female,7.4,Smartphone,4.1,1,TRUE
17,Male,3,Smartphone,6.3,3,TRUE
23,Female,3.8,Smartphone,7,2,TRUE
18,Male,3.9,Smartphone,7.9,3,FALSE
18,Female,2.7,Smartphone,6.1,2,TRUE
17,Female,4.1,Laptop/PC,6,3,FALSE
19,Male,6.4,Smartphone,7.7,4,TRUE
18,Female,4.8,Smartphone,8,3,FALSE
17,Female,3.2,Smartphone,8.3,3,TRUE
21,Male,3,Smartphone,7.7,3,FALSE
22,Female,3.8,Smartphone,6.6,3,FALSE
18,Male,5.2,Smartphone,6.9,1,TRUE
20,Female,6.8,Smartphone,6,2,TRUE
19,Female,12,Smartphone,3.9,1,FALSE
15,Male,1.5,Smartphone,8.5,4,TRUE
19,Female,2.9,Smartphone,6.8,2,FALSE
18,Female,3.1,Smartphone,8.2,3,FALSE
17,Female,3.3,Smartphone,8.3,3,FALSE
19,Male,6.8,Smartphone,7.5,2,TRUE
18,Male,6.2,Smartphone,7.9,3,TRUE
20,Female,6.3,Smartphone,7.7,2,TRUE
22,Male,11.5,Smartphone,4.6,1,FALSE
18,Female,11.1,Smartphone,4.9,1,TRUE
21,Female,2.9,Smartphone,8.4,3,FALSE
19,Female,6.8,Smartphone,5.7,1,TRUE
17,Male,6,Laptop/PC,6.2,2,TRUE
18,Female,5.1,Smartphone,6.8,2,FALSE
18,Female,5.2,Smartphone,5.8,2,TRUE
18,Female,5.4,Smartphone,5.5,2,TRUE
17,Female,5.8,Smartphone,7.1,3,TRUE
17,Female,5.9,Tablet,6,2,TRUE
20,Female,4.5,Smartphone,7.7,2,FALSE
19,Female,2.7,Smartphone,6.8,3,TRUE
22,Male,7.5,Smartphone,5.4,2,TRUE
20,Male,4.4,Smartphone,7.1,2,FALSE
23,Female,2.4,Laptop/PC,8.1,4,FALSE
18,Female,7,Smartphone,7.7,3,TRUE
21,Male,2.4,Laptop/PC,8.5,4,TRUE
19,Female,3.5,Laptop/PC,7.4,3,FALSE
18,Male,6.4,Smartphone,6.7,2,TRUE
18,Male,3.8,Smartphone,6.7,3,FALSE
17,Male,2.4,Smartphone,8.1,3,FALSE
19,Female,14,Smartphone,3.8,1,TRUE
21,Female,4.5,Laptop/PC,6.9,2,FALSE
16,Female,7.1,Smartphone,5.7,2,TRUE
18,Female,4.2,Smartphone,8.1,3,TRUE
18,Female,7.5,Tablet,6.1,2,TRUE
20,Male,4.2,Laptop/PC,5.8,2,TRUE
24,Non-Binary,4.9,Smartphone,8,3,TRUE
18,Female,5.5,Smartphone,6.2,2,TRUE
18,Female,2.8,Smartphone,6.9,3,FALSE
16,Male,1.3,Smartphone,10,5,TRUE
21,Male,1.8,Smartphone,7,3,FALSE
18,Male,4.4,Smartphone,7.3,3,TRUE
17,Male,4.6,Laptop/PC,7.9,4,FALSE
18,Male,2.5,Smartphone,8.3,3,TRUE
19,Female,2.5,Smartphone,7.5,4,FALSE
21,Female,6.2,Smartphone,6.5,1,TRUE
19,Male,1.2,Smartphone,9.1,4,FALSE
19,Male,14,Smartphone,3.3,1,TRUE
16,Male,4.8,Smartphone,7,3,FALSE
26,Female,7.5,Smartphone,5.4,1,TRUE
18,Female,8.7,Laptop/PC,5.1,1,TRUE
19,Male,1.7,Smartphone,8,4,FALSE
19,Male,7.1,Smartphone,5.7,1,TRUE
19,Female,7.2,Smartphone,5.9,2,TRUE
16,Male,5.8,Smartphone,7.5,2,TRUE
16,Female,7.1,Smartphone,5.8,1,TRUE
18,Female,5.8,Smartphone,6.3,3,FALSE
22,Female,4.1,Smartphone,6.6,2,FALSE
19,Female,4.3,Smartphone,7.1,3,TRUE
17,Female,3.1,Smartphone,8.4,4,FALSE
16,Male,3.2,Smartphone,8,4,FALSE
18,Male,5.6,Smartphone,7,2,TRUE
19,Male,4.7,Laptop/PC,6.1,2,TRUE
18,Female,5.2,Smartphone,6.2,1,FALSE
16,Male,6.1,Smartphone,6.4,1,TRUE
22,Female,4.7,Smartphone,6,2,FALSE
22,Male,7.1,Smartphone,5.8,1,FALSE
17,Male,4.5,Laptop/PC,6.5,2,FALSE
19,Male,3,Smartphone,7.9,3,TRUE
16,Male,6.6,Tablet,6.2,2,TRUE
18,Male,3.8,Smartphone,5.5,2,TRUE
19,Female,4.4,Smartphone,6.9,2,FALSE
18,Female,8.3,Smartphone,6.6,2,TRUE
24,Female,3.9,Smartphone,6.7,3,FALSE
18,Male,5.9,Tablet,5.5,2,TRUE
19,Female,5,Smartphone,7.1,3,FALSE
18,Female,3.1,Smartphone,5.4,2,TRUE
17,Male,8.3,Smartphone,6.3,1,FALSE
19,Male,5.5,Smartphone,7.5,2,TRUE
20,Female,3.2,Smartphone,8.2,3,TRUE
19,Non-Binary,3,Laptop/PC,6.9,3,FALSE
22,Male,2.8,Smartphone,7.6,3,FALSE
18,Female,5.2,Laptop/PC,6.3,2,TRUE
18,Non-Binary,4.8,Smartphone,5.6,1,TRUE
19,Female,3,Smartphone,6.7,2,TRUE
15,Male,4.8,Smartphone,6,1,FALSE
17,Female,4.2,Smartphone,6.9,4,FALSE
18,Male,4.7,Smartphone,6.8,3,FALSE
24,Male,3.8,Smartphone,7.2,3,TRUE
18,Male,3.1,Smartphone,8.1,3,FALSE
19,Female,3.7,Smartphone,8.1,3,FALSE
19,Female,4.6,Laptop/PC,8.6,3,FALSE
19,Female,4.8,Tablet,7,3,FALSE
18,Female,4.1,Smartphone,8.7,3,TRUE
19,Male,3.8,Smartphone,7.2,2,TRUE
24,Female,4.1,Smartphone,7.2,3,TRUE
17,Non-Binary,1.7,Smartphone,8.6,4,FALSE
18,Male,7.3,Smartphone,4.7,1,TRUE
18,Female,3.5,Smartphone,6.8,2,TRUE
19,Male,2.1,Tablet,7.1,4,TRUE
18,Female,3.9,Smartphone,6.4,2,TRUE
19,Male,5.1,Smartphone,7.3,1,FALSE
16,Male,4.5,Laptop/PC,5.7,1,TRUE
17,Female,10.7,Laptop/PC,5.2,1,TRUE
18,Female,4.1,Smartphone,6.4,2,FALSE
16,Male,2.8,Smartphone,6.1,2,TRUE
20,Female,2.7,Smartphone,6.5,2,FALSE
17,Female,4.9,Smartphone,7.7,2,FALSE
21,Female,7.6,Smartphone,6,1,TRUE
16,Female,3.4,Laptop/PC,8,3,FALSE
17,Female,2.7,Smartphone,9.1,5,FALSE
19,Male,3.7,Smartphone,7.9,4,TRUE
18,Female,6.1,Smartphone,5.9,2,TRUE
17,Female,6.4,Smartphone,7,2,TRUE
19,Female,2.8,Smartphone,9.5,4,FALSE
17,Male,4.2,Laptop/PC,7,3,FALSE
20,Male,3.9,Smartphone,7.8,3,FALSE
17,Male,3.2,Smartphone,8.1,3,TRUE
21,Female,6.5,Smartphone,5.7,2,TRUE
17,Female,4.2,Smartphone,6.3,2,FALSE
19,Female,7.4,Smartphone,5.9,1,TRUE
20,Male,14,Laptop/PC,4.4,1,TRUE
16,Female,3.2,Smartphone,8,3,TRUE
18,Female,4,Laptop/PC,8.4,3,FALSE
20,Male,2.3,Smartphone,7.4,3,FALSE
22,Non-Binary,2.7,Smartphone,6.7,2,FALSE
16,Female,10.2,Smartphone,5.5,1,TRUE
17,Male,10.3,Smartphone,5.7,2,TRUE
20,Female,3.4,Laptop/PC,6.5,3,FALSE
16,Female,5.5,Laptop/PC,7.3,3,TRUE
20,Male,5.6,Smartphone,6.8,3,TRUE
20,Female,4.5,Smartphone,7,3,TRUE
18,Female,4.3,Tablet,5.6,2,FALSE
19,Female,10.8,Smartphone,4.1,1,TRUE
16,Female,3.5,Smartphone,7.6,3,FALSE
20,Male,4.1,Laptop/PC,8.2,2,FALSE
17,Female,2.6,Laptop/PC,8.6,2,TRUE
18,Female,2.1,Smartphone,6.8,3,TRUE
20,Male,6.1,Smartphone,6.7,1,FALSE
18,Female,3.1,Smartphone,7.5,2,TRUE
19,Non-Binary,8.9,Laptop/PC,5.3,1,TRUE
18,Male,2.6,Laptop/PC,6.7,2,FALSE
17,Male,7.5,Smartphone,6.1,3,TRUE
18,Male,5.8,Laptop/PC,6.8,3,TRUE
26,Female,3.6,Smartphone,7.5,3,FALSE
21,Non-Binary,4.3,Smartphone,7,4,FALSE
20,Female,4.4,Smartphone,7.4,3,FALSE
17,Male,1.5,Tablet,7.7,3,FALSE
17,Male,8.7,Smartphone,5.2,1,TRUE
19,Female,4.2,Laptop/PC,7.2,2,FALSE
20,Male,6.7,Smartphone,5.8,2,TRUE
17,Male,6,Smartphone,5.7,2,TRUE
19,Female,4.9,Laptop/PC,7.3,4,TRUE
18,Female,5.5,Smartphone,5.9,1,TRUE
18,Female,4.2,Smartphone,7.6,3,TRUE
18,Male,2.8,Smartphone,8.6,4,TRUE
17,Female,2.9,Smartphone,8.5,5,FALSE
17,Female,6.9,Smartphone,4.7,1,TRUE
17,Male,1.8,Smartphone,7.9,4,FALSE
20,Female,8.1,Smartphone,5.6,1,TRUE
19,Male,2.1,Laptop/PC,7.6,3,TRUE
17,Female,11.5,Smartphone,4.8,1,TRUE
19,Male,2.4,Smartphone,7.9,4,FALSE
18,Female,8,Smartphone,5.8,2,TRUE
20,Male,5.9,Smartphone,7.7,3,TRUE
19,Female,7.5,Smartphone,5.9,2,TRUE
19,Female,4.2,Smartphone,6.6,3,TRUE
17,Female,1.9,Smartphone,7.9,3,FALSE
18,Female,3.4,Laptop/PC,8.1,3,FALSE
19,Male,3.2,Smartphone,6.5,2,TRUE
18,Female,3.8,Smartphone,6.7,3,FALSE
19,Male,5.4,Smartphone,7.2,4,TRUE
16,Male,4.8,Smartphone,4.6,2,TRUE
22,Female,3.5,Smartphone,7.5,3,FALSE
19,Female,3.5,Smartphone,7.5,3,FALSE
19,Female,4.2,Laptop/PC,6.9,2,FALSE
19,Male,3.5,Smartphone,7.8,3,TRUE
18,Male,1.5,Laptop/PC,7.7,4,FALSE
18,Female,8.1,Smartphone,4.7,1,TRUE
20,Female,6.2,Smartphone,6.7,3,TRUE
18,Female,5.5,Smartphone,7.2,3,FALSE
19,Male,4.1,Smartphone,8.7,4,TRUE
18,Female,9.8,Laptop/PC,5.7,1,TRUE
22,Male,3.3,Tablet,8,3,TRUE
22,Female,11.2,Laptop/PC,5.7,1,TRUE
17,Male,4.5,Smartphone,7,2,TRUE
16,Female,7.2,Laptop/PC,6.7,2,TRUE
18,Female,4.4,Smartphone,7.7,3,FALSE
18,Male,4.4,Smartphone,7,3,TRUE
20,Male,10,Smartphone,4.3,1,TRUE
19,Female,2.5,Smartphone,6.8,3,FALSE
16,Female,4.8,Smartphone,7.3,2,FALSE
18,Prefer not to say,1.6,Smartphone,7.3,4,FALSE
18,Female,2,Smartphone,9.4,4,FALSE
16,Female,4.8,Smartphone,6.5,2,FALSE
17,Male,4.3,Smartphone,5.5,1,TRUE
19,Female,5.7,Smartphone,6.3,2,TRUE
20,Female,3.2,Smartphone,6.6,2,FALSE
19,Female,3.6,Smartphone,6.8,2,FALSE
18,Male,14,Smartphone,4.5,1,TRUE
18,Male,2.2,Smartphone,7.4,4,FALSE
19,Male,7.2,Smartphone,6.5,2,TRUE
24,Female,3.4,Smartphone,7.5,4,FALSE
19,Male,4.6,Tablet,6.3,3,FALSE
17,Male,8.1,Smartphone,6.2,2,TRUE
20,Male,5.9,Smartphone,7.4,3,FALSE
17,Male,2.8,Smartphone,7.8,3,FALSE
21,Male,3.8,Laptop/PC,5.8,3,FALSE
17,Female,8.8,Smartphone,3.4,1,TRUE
15,Male,3.3,Smartphone,6.9,2,FALSE
18,Female,9.2,Smartphone,4.9,1,TRUE
21,Male,10.2,Smartphone,4.1,1,TRUE
19,Male,5.9,Smartphone,7.2,3,TRUE
18,Male,5.4,Smartphone,6.2,4,TRUE
19,Male,2.1,Smartphone,8.6,4,TRUE
21,Female,3.6,Laptop/PC,7.4,3,FALSE
19,Male,6.5,Smartphone,6.1,1,TRUE
18,Male,11.6,Smartphone,4.3,1,TRUE
19,Male,4.7,Smartphone,6.1,2,TRUE
18,Male,4.5,Smartphone,7.1,3,FALSE
19,Female,2.5,Smartphone,8.5,4,FALSE
20,Male,2.9,Smartphone,7.5,3,TRUE
15,Male,2.5,Laptop/PC,6.3,3,FALSE
18,Female,5.1,Smartphone,4.9,1,TRUE
19,Female,4.2,Smartphone,6.7,2,TRUE
18,Female,4.5,Smartphone,7.6,3,FALSE
21,Male,4.8,Smartphone,6.1,2,FALSE
18,Female,5.2,Smartphone,8.1,3,FALSE
21,Female,6,Smartphone,7.2,2,FALSE
19,Male,3.2,Smartphone,7.2,2,FALSE
18,Male,14,Smartphone,3.2,1,TRUE
21,Female,3.7,Smartphone,7,3,FALSE
21,Male,5.2,Smartphone,7.2,3,TRUE
17,Female,2.5,Smartphone,7.5,3,TRUE
21,Male,7.2,Smartphone,5.7,2,FALSE
18,Male,5.4,Smartphone,7,2,TRUE
18,Male,11.2,Smartphone,4.5,1,FALSE
17,Female,5.8,Smartphone,6.8,2,TRUE
17,Female,6.4,Smartphone,6.8,3,TRUE
18,Male,3,Smartphone,6.4,2,TRUE
18,Female,4.1,Smartphone,7.6,3,TRUE
16,Male,3.2,Laptop/PC,8,3,TRUE
21,Male,2.8,Smartphone,7.2,4,FALSE
16,Male,13.1,Laptop/PC,4.4,1,FALSE
19,Male,8.6,Smartphone,4.8,1,FALSE
17,Male,4.5,Laptop/PC,6.3,3,TRUE
20,Female,5.6,Smartphone,7.1,2,TRUE
18,Female,6.2,Smartphone,5.5,1,TRUE
20,Female,6.2,Smartphone,6.3,2,FALSE
19,Male,5.1,Laptop/PC,7.7,3,TRUE
20,Female,6.3,Tablet,7.5,3,TRUE
17,Male,3.6,Smartphone,7.6,3,FALSE
20,Female,8.8,Smartphone,4.9,1,TRUE
15,Male,9.9,Laptop/PC,3.3,1,TRUE
20,Female,5.6,Smartphone,8.2,3,TRUE
18,Female,3.9,Smartphone,7.2,3,FALSE
17,Female,3.1,Smartphone,8.9,4,FALSE
25,Female,9.8,Smartphone,5.1,1,FALSE
19,Female,6.1,Smartphone,7.5,2,TRUE
16,Female,7.3,Smartphone,6.2,2,TRUE
19,Female,3.8,Laptop/PC,8.6,5,TRUE
18,Male,2,Smartphone,7.3,4,TRUE
18,Female,4.7,Smartphone,8,3,TRUE
20,Female,5.7,Smartphone,7.5,3,FALSE
20,Male,6.1,Smartphone,7.6,3,TRUE
20,Female,9.3,Smartphone,5.3,1,TRUE
18,Female,1.6,Tablet,7.9,3,FALSE
20,Male,2.8,Smartphone,7.7,3,TRUE
18,Female,6.2,Smartphone,5.8,2,TRUE
20,Male,7.5,Smartphone,5.3,1,FALSE
20,Male,3.4,Smartphone,4.9,2,FALSE
16,Male,6.2,Smartphone,7.2,4,TRUE
18,Female,4.2,Smartphone,6.3,3,TRUE
23,Female,5.3,Smartphone,5.1,1,FALSE
19,Male,4.6,Smartphone,6.2,3,TRUE
18,Female,8,Smartphone,6.2,1,TRUE
18,Male,5.1,Smartphone,6.8,3,TRUE
18,Male,2.5,Smartphone,8.6,4,FALSE
17,Female,9.8,Smartphone,5.5,1,TRUE
20,Male,10.3,Smartphone,6.2,1,FALSE
22,Female,3.6,Laptop/PC,6.8,2,FALSE
20,Female,3.7,Smartphone,7.8,4,FALSE
16,Male,8.8,Smartphone,5,2,TRUE
16,Female,4.6,Smartphone,7.6,3,FALSE
20,Non-Binary,7,Smartphone,5.7,1,TRUE
21,Female,6.5,Smartphone,5.6,2,TRUE
18,Male,6.8,Laptop/PC,5.3,2,TRUE
20,Female,2.2,Smartphone,6.6,4,FALSE
19,Male,2.4,Laptop/PC,8.2,3,FALSE
19,Male,4.7,Smartphone,4.9,2,TRUE
17,Female,3.4,Smartphone,8.5,3,FALSE
18,Female,2.3,Smartphone,8.1,4,TRUE
17,Female,7.6,Smartphone,6.5,3,TRUE
20,Male,5.3,Smartphone,6.5,2,TRUE
17,Male,14,Smartphone,4.1,1,TRUE
17,Female,6.9,Smartphone,6,1,TRUE
19,Female,2.8,Laptop/PC,6.8,4,TRUE
15,Male,10.5,Smartphone,5.7,1,TRUE
16,Female,3.5,Smartphone,6.2,4,FALSE
18,Male,4.8,Smartphone,6.9,2,FALSE
18,Male,8.3,Smartphone,6.5,2,FALSE
17,Female,3.7,Smartphone,7.1,3,TRUE
17,Male,4.6,Smartphone,6.8,5,FALSE
19,Female,5.3,Smartphone,6.2,2,TRUE
18,Female,4.4,Laptop/PC,7.1,3,FALSE
18,Male,9,Laptop/PC,3.8,1,TRUE
25,Female,3.3,Smartphone,6.9,3,FALSE
19,Male,6.3,Laptop/PC,8.5,3,FALSE
20,Non-Binary,5.5,Laptop/PC,6.7,3,TRUE
19,Male,2.9,Smartphone,6.9,2,FALSE
21,Male,5.1,Smartphone,7.1,3,TRUE
18,Male,6.9,Smartphone,4.7,1,TRUE
18,Female,5.4,Smartphone,7.3,3,FALSE
19,Non-Binary,7.3,Smartphone,5.7,1,TRUE
19,Female,4.7,Smartphone,7.4,2,TRUE
20,Female,2.5,Smartphone,8.3,3,FALSE
19,Female,8.2,Smartphone,5,1,TRUE
20,Male,6,Smartphone,3.7,1,TRUE
20,Male,3.9,Smartphone,6.4,2,TRUE
15,Male,2.6,Laptop/PC,7.6,3,TRUE
15,Female,7.1,Laptop/PC,7,2,TRUE
19,Male,5.9,Smartphone,5.2,2,TRUE
19,Female,4.1,Smartphone,6.3,3,TRUE
20,Female,6.5,Smartphone,6.3,2,TRUE
17,Male,3.8,Smartphone,7.7,4,FALSE
18,Male,6.5,Smartphone,6.8,2,FALSE
21,Male,3,Smartphone,7.8,3,FALSE
19,Male,1.1,Smartphone,8,3,TRUE
19,Female,6.3,Smartphone,6.1,1,TRUE
18,Female,4.3,Laptop/PC,5.1,2,TRUE
17,Male,3.7,Smartphone,7.9,3,TRUE
18,Female,4.8,Smartphone,6.9,3,FALSE
19,Female,8.9,Smartphone,4.1,1,TRUE
19,Female,7.1,Smartphone,5.4,1,TRUE
17,Female,7.7,Smartphone,6.1,3,TRUE
19,Male,2.8,Smartphone,7.9,4,FALSE
26,Female,3.5,Smartphone,6.4,1,TRUE
21,Female,5.2,Smartphone,5.9,3,TRUE
19,Male,2.8,Smartphone,7.7,2,FALSE
19,Female,5.4,Laptop/PC,6.9,3,TRUE
20,Female,5.2,Smartphone,6.8,3,TRUE
18,Female,2.9,Smartphone,7.5,3,FALSE
18,Male,7.4,Smartphone,4.6,1,TRUE
22,Male,9.8,Smartphone,4.5,1,TRUE
18,Female,2.4,Laptop/PC,8.3,4,TRUE
20,Male,4.5,Smartphone,6.2,1,TRUE
18,Female,9.7,Laptop/PC,5.4,1,TRUE
20,Female,3.1,Smartphone,7.8,3,FALSE
18,Male,2.7,Laptop/PC,7.5,4,FALSE
19,Female,2.1,Smartphone,7.1,4,FALSE
25,Female,2.2,Smartphone,7.2,3,FALSE
19,Non-Binary,4.2,Smartphone,8.7,3,TRUE
17,Female,5.2,Smartphone,6.4,3,TRUE
18,Non-Binary,6.6,Smartphone,6.2,2,TRUE
19,Male,2.5,Smartphone,7.9,4,FALSE
20,Female,6.3,Smartphone,5.3,2,TRUE
17,Female,3.6,Smartphone,5.1,3,TRUE
18,Male,7.3,Laptop/PC,6.9,2,FALSE
26,Female,4.4,Smartphone,7,2,FALSE
24,Female,9.7,Smartphone,5.4,1,TRUE
20,Male,2.3,Smartphone,7,4,FALSE
19,Female,6.8,Smartphone,5.3,2,FALSE
19,Female,4.9,Smartphone,6.2,3,FALSE
19,Male,8,Smartphone,6.6,3,FALSE
17,Male,5.1,Smartphone,6.3,1,TRUE
17,Male,3.3,Smartphone,9.6,4,FALSE
21,Female,2.2,Smartphone,9,4,FALSE
19,Male,4,Smartphone,7.3,3,FALSE
19,Prefer not to say,9,Laptop/PC,5.4,1,TRUE
19,Female,2.5,Smartphone,8.1,4,FALSE
15,Female,6.8,Smartphone,5,1,TRUE
16,Female,9,Laptop/PC,6.2,2,TRUE
20,Male,3.9,Smartphone,7,3,FALSE
20,Male,7.7,Smartphone,4.8,1,FALSE
20,Male,8.8,Smartphone,5.8,1,TRUE
19,Prefer not to say,2,Smartphone,8.9,2,FALSE
19,Female,7.7,Smartphone,6.5,2,FALSE
21,Male,5.2,Smartphone,5.5,2,TRUE
22,Female,1.6,Smartphone,7.1,3,FALSE
19,Female,8,Smartphone,4.8,1,TRUE
18,Female,3.3,Smartphone,7.9,3,FALSE
17,Male,7.3,Smartphone,4.9,1,TRUE
19,Male,4.7,Smartphone,7.5,3,TRUE
20,Prefer not to say,2.3,Smartphone,7.5,3,TRUE
20,Female,6.6,Smartphone,7.1,2,TRUE
18,Male,12.4,Smartphone,4.7,1,TRUE
25,Female,3.8,Smartphone,6.7,2,FALSE
19,Female,5.4,Smartphone,5.6,1,FALSE
18,Male,4.5,Smartphone,7,2,FALSE
19,Male,9.4,Smartphone,5.6,1,TRUE
23,Female,5.9,Smartphone,6.8,3,TRUE
20,Male,3.9,Smartphone,8.7,3,FALSE
18,Female,5.4,Smartphone,8.2,3,TRUE
21,Female,4.3,Smartphone,6.6,3,FALSE
17,Male,2.3,Tablet,6.3,3,FALSE
22,Male,2.5,Smartphone,6.4,3,FALSE
18,Prefer not to say,3.7,Smartphone,7.7,3,FALSE
22,Female,2.4,Smartphone,8.1,3,FALSE
23,Female,6.7,Smartphone,6.8,3,FALSE
20,Male,3.4,Smartphone,7,3,FALSE
17,Male,5.3,Smartphone,5.6,1,FALSE
18,Female,9.3,Smartphone,5.8,1,FALSE
21,Female,2.5,Smartphone,8.2,4,TRUE
19,Male,8.8,Smartphone,5.4,1,TRUE
17,Male,6.8,Smartphone,6.7,2,TRUE
18,Male,4.7,Smartphone,7,2,FALSE
21,Female,5.5,Smartphone,6.4,2,TRUE
23,Female,4,Smartphone,7.6,3,TRUE
17,Female,3.9,Smartphone,7.4,3,TRUE
19,Prefer not to say,6,Tablet,5.6,1,TRUE
18,Male,4,Smartphone,7.9,3,FALSE
20,Male,2.9,Smartphone,8.1,5,TRUE
17,Male,6,Smartphone,5.7,2,TRUE
16,Female,4.4,Smartphone,6.9,3,FALSE
19,Female,4,Smartphone,5.2,1,TRUE
19,Female,8.6,Smartphone,5.1,1,TRUE
20,Male,9.3,Laptop/PC,4.7,1,FALSE
23,Male,6.4,Smartphone,6.1,2,TRUE
24,Male,7.4,Smartphone,5.9,2,TRUE
21,Male,4.5,Smartphone,7.6,3,TRUE
18,Female,2.7,Laptop/PC,8.1,4,FALSE
19,Male,3.3,Smartphone,6.8,3,FALSE
18,Female,3.2,Smartphone,8.2,5,FALSE
20,Prefer not to say,6.8,Smartphone,7,3,TRUE
17,Male,11.2,Smartphone,3.2,1,TRUE
18,Female,4.8,Smartphone,6.5,1,TRUE
18,Female,8.2,Smartphone,5.1,2,TRUE
20,Female,2.6,Smartphone,8.1,4,FALSE
20,Male,3.8,Laptop/PC,7.9,4,TRUE
21,Male,3.8,Smartphone,6.3,2,FALSE
21,Female,2.9,Smartphone,7.6,4,TRUE
20,Male,8.6,Smartphone,6.6,2,TRUE
16,Male,3.9,Smartphone,7.9,3,FALSE
19,Female,3,Tablet,7.7,3,FALSE
19,Female,4.2,Smartphone,6.2,3,FALSE
17,Female,6,Laptop/PC,7.5,2,TRUE
15,Female,7,Smartphone,5.8,2,TRUE
18,Female,6.5,Smartphone,6.1,1,TRUE
17,Female,7.5,Smartphone,5.9,1,FALSE
18,Female,14,Smartphone,4,1,TRUE
16,Male,4.9,Smartphone,6.5,2,FALSE
17,Female,6.7,Smartphone,5.9,2,TRUE
19,Male,11.5,Laptop/PC,5,1,TRUE
23,Male,9.8,Smartphone,4.2,1,FALSE
18,Male,11.5,Smartphone,5,1,TRUE
22,Female,6.2,Smartphone,6.5,2,TRUE
18,Female,2.7,Laptop/PC,8,4,TRUE
26,Prefer not to say,5.1,Smartphone,6.7,3,TRUE
20,Male,5.2,Smartphone,7.7,3,TRUE
18,Female,4.2,Smartphone,8,3,FALSE
17,Female,14,Smartphone,4.2,1,TRUE
18,Male,4.8,Laptop/PC,7.5,2,TRUE
23,Male,7.1,Laptop/PC,6.6,2,FALSE
23,Male,6.6,Smartphone,6.9,3,TRUE
18,Female,2.9,Smartphone,5.5,1,TRUE
19,Male,3.8,Smartphone,7.1,2,FALSE
19,Female,6.7,Smartphone,5.6,2,FALSE
21,Male,2,Smartphone,7.3,3,TRUE
16,Female,5.8,Smartphone,7,3,TRUE
19,Male,7.2,Smartphone,6.7,2,TRUE
21,Female,4.2,Laptop/PC,6.5,2,FALSE
18,Female,5.6,Smartphone,6.4,3,TRUE
17,Male,3.1,Smartphone,8.7,4,FALSE
18,Female,4,Tablet,6.9,3,FALSE
17,Male,2.2,Laptop/PC,7.5,2,TRUE
16,Female,5.3,Smartphone,7.5,2,TRUE
19,Female,2.9,Smartphone,6.8,4,FALSE
21,Female,2.1,Smartphone,8.3,4,TRUE
19,Female,11.3,Smartphone,4.1,1,TRUE
17,Male,6.1,Smartphone,6.7,2,TRUE
21,Female,7.9,Smartphone,6.8,2,FALSE
18,Female,3.2,Smartphone,7.9,3,FALSE
20,Female,3.2,Smartphone,6.6,4,FALSE
17,Male,1.9,Smartphone,7.1,4,TRUE
19,Male,8,Smartphone,5.3,1,TRUE
18,Male,4.8,Laptop/PC,6.5,2,FALSE
23,Male,2.6,Smartphone,8.5,4,FALSE
19,Female,7.5,Smartphone,7.7,4,FALSE
15,Male,3.7,Smartphone,8.3,4,FALSE
18,Female,10.6,Smartphone,5.7,1,FALSE
22,Female,2.5,Smartphone,7.2,3,FALSE
17,Female,3,Smartphone,8.8,4,FALSE
19,Male,4.2,Smartphone,6.9,2,FALSE
21,Male,5.2,Smartphone,6.6,2,TRUE
19,Female,1.7,Smartphone,6.8,3,FALSE
16,Male,12.6,Smartphone,3.3,1,FALSE
22,Male,6.4,Smartphone,7.2,3,TRUE
21,Male,3.8,Smartphone,6.7,2,FALSE
21,Female,10.9,Smartphone,4,1,FALSE
20,Female,3.4,Smartphone,7.3,4,FALSE
17,Male,5.8,Tablet,5.5,2,TRUE
19,Female,3.7,Smartphone,6.4,3,TRUE
19,Female,5.7,Laptop/PC,5.9,1,TRUE
18,Female,11.5,Laptop/PC,3.6,1,FALSE
20,Female,8,Smartphone,4.8,1,TRUE
18,Female,5.3,Smartphone,6.7,3,TRUE
18,Male,3.2,Smartphone,7.9,3,FALSE
17,Female,4.2,Smartphone,6.5,2,TRUE
19,Male,5,Smartphone,5.6,3,TRUE
18,Female,6.2,Smartphone,6.5,2,TRUE
18,Female,6.3,Smartphone,7,4,TRUE
22,Female,8.3,Smartphone,5.5,2,TRUE
23,Male,4,Laptop/PC,8.3,2,FALSE
17,Male,9.8,Smartphone,4.7,1,TRUE
19,Female,2.9,Smartphone,9.4,4,FALSE
16,Male,4.7,Smartphone,7,3,FALSE
21,Female,3.2,Smartphone,5.6,1,TRUE
19,Female,8,Smartphone,6.6,2,TRUE
20,Female,2.6,Smartphone,7.6,4,TRUE
19,Female,2.3,Smartphone,9.5,4,FALSE
19,Female,6.1,Smartphone,7.3,3,TRUE
20,Male,4.7,Smartphone,8.2,3,FALSE
17,Male,3.1,Smartphone,7.5,2,FALSE
16,Male,3.9,Smartphone,6.4,2,FALSE
19,Female,3.9,Smartphone,7.2,3,TRUE
19,Male,3.1,Smartphone,7.5,3,TRUE
19,Male,1.7,Smartphone,8.9,5,FALSE
16,Male,9.5,Laptop/PC,4.8,1,TRUE
18,Female,3.8,Smartphone,6.7,2,FALSE
19,Female,7.8,Smartphone,5.4,1,TRUE
17,Female,14,Smartphone,3.9,1,TRUE
21,Female,4,Smartphone,7.4,4,FALSE
21,Female,10.5,Smartphone,4.8,1,TRUE
18,Male,5.3,Smartphone,6,3,TRUE
18,Male,4.2,Smartphone,6.4,3,TRUE
22,Female,1.3,Smartphone,7.6,5,FALSE
17,Male,5.4,Smartphone,6.4,2,TRUE
19,Male,4.6,Smartphone,7.2,2,TRUE
19,Female,3,Smartphone,8.1,3,FALSE
20,Female,4.6,Smartphone,7.5,3,TRUE
19,Female,1.7,Smartphone,8,4,FALSE
15,Female,8.9,Tablet,5.7,1,TRUE
18,Male,5.3,Smartphone,7.3,3,TRUE
24,Female,2.5,Smartphone,7.1,3,TRUE
17,Female,6.7,Laptop/PC,4.4,1,FALSE
17,Male,4.4,Smartphone,6.4,1,FALSE
18,Female,9.8,Smartphone,5.1,3,TRUE
17,Male,5.5,Laptop/PC,7.1,3,TRUE
19,Female,3.4,Smartphone,7.2,3,TRUE
18,Male,5.9,Laptop/PC,6.8,3,TRUE
18,Female,3.6,Smartphone,6.9,3,TRUE
17,Female,4.9,Smartphone,6.8,3,FALSE
16,Female,7.3,Smartphone,6.2,2,TRUE
16,Female,9.8,Smartphone,4.4,1,TRUE
17,Male,5.2,Smartphone,8.4,4,TRUE
19,Male,4.9,Smartphone,6.1,2,FALSE
16,Male,7.9,Smartphone,6.4,3,TRUE
18,Female,11.8,Smartphone,3.8,1,FALSE
15,Female,3.8,Smartphone,8.9,4,TRUE
21,Male,2.4,Smartphone,7.5,3,TRUE
19,Male,4.3,Smartphone,7.6,4,FALSE
20,Female,5.3,Smartphone,6,2,TRUE
19,Female,6.4,Smartphone,5.8,2,TRUE
18,Female,6.9,Smartphone,6.6,2,TRUE
18,Female,4.1,Smartphone,8.7,4,TRUE
18,Male,4.7,Laptop/PC,6.2,1,FALSE
19,Male,5.1,Smartphone,7.3,2,FALSE
18,Male,4.5,Smartphone,8.1,2,TRUE
18,Male,5.2,Laptop/PC,7.1,2,TRUE
21,Male,2.4,Smartphone,7.8,3,TRUE
18,Male,2.5,Smartphone,7.3,3,TRUE
19,Male,10.8,Smartphone,5.2,1,FALSE
18,Female,4.3,Smartphone,7,4,TRUE
19,Male,8.5,Smartphone,5.5,1,TRUE
18,Male,5.9,Smartphone,4.1,1,TRUE
19,Male,3.1,Smartphone,5.6,2,TRUE
18,Female,5.4,Laptop/PC,5.8,2,TRUE
15,Male,6.2,Smartphone,5.8,3,TRUE
21,Female,3,Smartphone,7,3,TRUE
19,Male,2.3,Smartphone,9,3,FALSE
20,Non-Binary,3.9,Smartphone,7.8,2,TRUE
19,Non-Binary,5.6,Smartphone,6,3,TRUE
19,Female,6.4,Laptop/PC,5.1,2,FALSE
16,Male,3.6,Smartphone,8,3,FALSE
18,Female,5.4,Smartphone,7,4,TRUE
20,Female,6.4,Smartphone,5.6,1,TRUE
17,Male,2.5,Smartphone,7.2,3,FALSE
22,Male,3.2,Smartphone,8.2,3,FALSE
20,Prefer not to say,5.8,Smartphone,7.2,3,TRUE
17,Male,11,Smartphone,3.7,1,TRUE
22,Female,4.6,Smartphone,6.1,2,FALSE
17,Male,4.4,Smartphone,8.2,3,TRUE
18,Female,5.9,Smartphone,6.1,3,TRUE
18,Male,2.8,Smartphone,8.6,5,FALSE
19,Male,5.5,Smartphone,7.4,2,TRUE
20,Male,1.7,Smartphone,5.7,3,FALSE
17,Male,5.5,Smartphone,6,2,TRUE
18,Female,4.9,Smartphone,6,2,TRUE
19,Male,5.7,Laptop/PC,6.1,2,FALSE
19,Male,3.2,Smartphone,7.2,4,FALSE
17,Male,7.2,Smartphone,5.5,1,FALSE
15,Male,3.5,Smartphone,8,4,TRUE
19,Male,4.7,Smartphone,5.7,1,TRUE
16,Male,2.7,Smartphone,8.5,3,FALSE
18,Male,5.7,Smartphone,7,3,TRUE
18,Male,9,Laptop/PC,4.7,1,TRUE
20,Female,2.8,Smartphone,8.6,4,TRUE
17,Male,7.8,Smartphone,6.5,1,TRUE
20,Female,11.3,Smartphone,4.3,1,TRUE
20,Female,4.3,Smartphone,7.6,3,FALSE
20,Male,7,Smartphone,7,3,FALSE
18,Female,1.9,Smartphone,6.6,2,TRUE
21,Prefer not to say,3.3,Smartphone,6.3,2,TRUE
20,Female,4.7,Smartphone,6.7,1,FALSE
20,Male,7.2,Smartphone,7.6,2,TRUE
19,Female,3.1,Smartphone,7.7,4,FALSE
17,Prefer not to say,7.7,Smartphone,5.7,1,TRUE
20,Female,4.1,Laptop/PC,8.1,3,FALSE
15,Female,4.8,Smartphone,5.7,1,TRUE
17,Male,4.5,Smartphone,6.9,3,FALSE
18,Female,3.7,Smartphone,6.5,2,TRUE
18,Male,7.8,Smartphone,5,2,TRUE
18,Male,2.9,Smartphone,8.2,4,TRUE
17,Male,2.4,Laptop/PC,7.9,3,FALSE
20,Female,5,Laptop/PC,5.5,2,FALSE
16,Male,1.5,Laptop/PC,9.3,4,FALSE
17,Male,4.2,Smartphone,6.2,3,FALSE
18,Male,6.2,Smartphone,7,3,FALSE
19,Non-Binary,10.3,Smartphone,4,1,TRUE
20,Female,8.3,Smartphone,5.2,1,TRUE
18,Female,3.2,Smartphone,8.5,2,FALSE
17,Male,3.7,Smartphone,8,4,FALSE
18,Male,2.4,Smartphone,8.2,4,TRUE
18,Female,3.3,Smartphone,6.6,3,TRUE
18,Non-Binary,4.4,Smartphone,6.5,3,TRUE
17,Male,2.8,Smartphone,7.6,3,FALSE
16,Female,4.9,Tablet,7.8,3,TRUE
20,Male,4.6,Smartphone,6.4,2,TRUE
22,Female,2.5,Smartphone,6.1,2,FALSE
17,Female,2.6,Laptop/PC,7.7,3,TRUE
17,Female,5.9,Smartphone,7.1,2,TRUE
17,Male,4,Tablet,5.9,2,TRUE
18,Male,3.4,Smartphone,8,4,TRUE
22,Female,3.8,Smartphone,7.9,2,FALSE
19,Female,4.6,Laptop/PC,7.5,4,FALSE
18,Non-Binary,4.5,Smartphone,7.9,3,TRUE
16,Female,2.2,Smartphone,6.1,2,TRUE
19,Male,12.2,Laptop/PC,4,1,TRUE
18,Female,4.4,Smartphone,7.1,3,FALSE
18,Male,7.4,Smartphone,6.3,3,TRUE
18,Female,4,Smartphone,5.6,3,TRUE
24,Female,2.7,Smartphone,8.6,3,TRUE
17,Female,6.2,Laptop/PC,6.2,2,TRUE
22,Male,4.3,Smartphone,6.9,3,FALSE
17,Non-Binary,11.1,Smartphone,6.1,1,TRUE
23,Female,4.5,Laptop/PC,6.6,2,TRUE
17,Male,6,Smartphone,7.1,3,TRUE
15,Female,7.1,Smartphone,5.7,2,TRUE
18,Female,4.2,Laptop/PC,6.9,4,FALSE
21,Male,5.9,Smartphone,6.5,3,TRUE
18,Male,5.6,Smartphone,7.5,3,FALSE
22,Male,5.5,Smartphone,6.5,2,FALSE
17,Female,3.1,Smartphone,7.1,3,TRUE
17,Male,6.9,Smartphone,6.3,2,TRUE
22,Male,6.6,Laptop/PC,6.2,2,TRUE
19,Female,2.6,Smartphone,6.6,3,FALSE
18,Female,0.9,Smartphone,7.6,5,FALSE
16,Female,7,Smartphone,6.1,1,TRUE
19,Female,2.5,Smartphone,7.1,3,FALSE
17,Non-Binary,5.7,Smartphone,5.3,2,TRUE
21,Male,3.8,Smartphone,6.3,2,TRUE
17,Male,2.5,Smartphone,7.4,3,TRUE
16,Male,4.2,Tablet,6,1,FALSE
21,Female,11.8,Smartphone,4.7,1,TRUE
17,Non-Binary,4.7,Smartphone,6.7,2,FALSE
17,Male,1.3,Smartphone,9.2,4,FALSE
17,Male,6.2,Smartphone,6.3,3,FALSE
19,Prefer not to say,3.5,Smartphone,8.4,3,FALSE
18,Female,3.2,Smartphone,7.2,3,FALSE
17,Male,7.9,Smartphone,7.1,4,TRUE
22,Female,3.9,Smartphone,8,3,FALSE
20,Male,3.1,Smartphone,7.4,3,FALSE
21,Female,5.6,Smartphone,5.6,1,TRUE
19,Female,3.8,Smartphone,5.9,3,TRUE
19,Male,5,Smartphone,7.4,3,FALSE
18,Male,3.2,Laptop/PC,7,4,FALSE
22,Female,12.6,Smartphone,3.5,1,TRUE
20,Male,14,Smartphone,3,1,TRUE
18,Female,6.4,Smartphone,5.8,2,FALSE
22,Female,4.4,Laptop/PC,7.6,3,TRUE
18,Male,2.1,Smartphone,8.6,4,TRUE
18,Female,4.4,Smartphone,7.9,2,TRUE
17,Female,8.1,Laptop/PC,6.3,1,TRUE
19,Female,2.4,Smartphone,8,3,TRUE
20,Male,4,Smartphone,5.8,2,TRUE
18,Male,7.6,Smartphone,6.7,2,TRUE
19,Female,3.9,Smartphone,6.9,2,FALSE
19,Non-Binary,9.9,Smartphone,6.1,1,TRUE
25,Male,12.7,Tablet,4.4,1,FALSE
18,Male,1.6,Smartphone,7.8,3,FALSE
20,Male,3.2,Smartphone,5.6,3,TRUE
15,Male,5.4,Smartphone,5.3,1,TRUE
17,Male,6.7,Smartphone,8,3,TRUE
17,Female,3.5,Smartphone,6.1,4,FALSE
17,Female,2.3,Smartphone,7.6,3,TRUE
17,Female,6.8,Smartphone,5.8,1,TRUE
20,Female,4,Smartphone,7.1,2,FALSE
19,Male,4.2,Smartphone,7.2,3,TRUE
18,Male,5.1,Smartphone,6.1,2,TRUE
17,Female,2.6,Smartphone,7.5,2,TRUE
22,Male,6.9,Smartphone,4.9,2,TRUE
17,Female,4.6,Tablet,6.9,3,TRUE
18,Female,5,Tablet,7.7,3,FALSE
18,Male,1.7,Smartphone,8.1,4,FALSE
19,Female,5.3,Smartphone,5.9,1,TRUE
18,Male,6.1,Smartphone,6.4,2,TRUE
18,Female,2.4,Smartphone,8.6,4,FALSE
21,Male,5.7,Tablet,6.2,2,FALSE
21,Male,5.7,Smartphone,7.6,3,TRUE
22,Female,3.8,Laptop/PC,8.5,3,FALSE
15,Male,3,Laptop/PC,8.3,4,FALSE
16,Male,4,Smartphone,7.4,3,TRUE
22,Female,6.7,Smartphone,7.2,2,FALSE
20,Female,2.8,Laptop/PC,7.5,3,TRUE
18,Female,4.8,Laptop/PC,6.8,2,FALSE
16,Male,7.5,Smartphone,6.6,2,FALSE
17,Prefer not to say,2.8,Smartphone,7.1,3,FALSE
18,Female,3,Smartphone,8.6,3,TRUE
19,Male,3.6,Smartphone,7.8,3,FALSE
20,Female,3.2,Smartphone,6.3,3,TRUE
23,Female,5.9,Smartphone,7.1,3,TRUE
18,Prefer not to say,5.5,Smartphone,5.3,2,TRUE
23,Female,5.3,Laptop/PC,6.5,2,TRUE
21,Female,2.3,Laptop/PC,6.4,3,FALSE
19,Male,2.9,Smartphone,8.6,5,FALSE
18,Male,4,Smartphone,6.6,3,TRUE
17,Female,2.9,Smartphone,7.1,3,FALSE
19,Female,10.1,Smartphone,5.7,2,TRUE
21,Female,5.3,Laptop/PC,6.4,3,TRUE
17,Male,4.6,Smartphone,8,3,TRUE
24,Female,7.1,Smartphone,6.6,2,TRUE
19,Female,1.3,Laptop/PC,6.5,2,TRUE
18,Female,5.3,Smartphone,6.5,2,FALSE
17,Male,2.8,Laptop/PC,7.8,4,TRUE
16,Female,8,Smartphone,6.3,1,TRUE
17,Male,3.3,Smartphone,7.4,3,FALSE
18,Male,3.7,Smartphone,7.4,3,FALSE
18,Male,3.8,Smartphone,7.8,4,TRUE
19,Male,4.7,Tablet,6.7,1,TRUE
19,Female,8.1,Laptop/PC,5.5,2,TRUE
18,Female,4.7,Laptop/PC,6.7,3,FALSE
16,Female,9.6,Smartphone,5.1,1,TRUE
19,Male,5.8,Smartphone,5.9,3,TRUE
15,Female,6.8,Smartphone,6.4,3,TRUE
22,Female,3.8,Smartphone,7,3,TRUE
19,Male,7.5,Smartphone,6.2,2,TRUE
20,Female,2.7,Smartphone,8.4,3,FALSE
18,Female,6,Smartphone,8.2,3,FALSE
20,Female,6.2,Laptop/PC,6.7,4,FALSE
18,Male,1.3,Laptop/PC,7.9,4,TRUE
16,Prefer not to say,4.9,Smartphone,6.8,3,FALSE
18,Female,3,Smartphone,8.3,4,FALSE
18,Prefer not to say,2.1,Laptop/PC,7.1,3,TRUE
16,Female,6.8,Smartphone,7.1,2,TRUE
17,Male,7,Smartphone,6,1,TRUE
16,Female,5.4,Smartphone,6.8,2,TRUE
17,Male,4.1,Smartphone,6.2,3,FALSE
18,Female,5.9,Smartphone,5.9,2,TRUE
17,Female,1.9,Laptop/PC,8.5,4,TRUE
19,Male,4.9,Smartphone,6.2,4,TRUE
22,Male,5.8,Smartphone,7.3,3,TRUE
17,Female,4.3,Smartphone,7.8,4,TRUE
20,Female,2.9,Smartphone,8.1,3,TRUE
19,Female,4.1,Smartphone,7.1,3,TRUE
17,Prefer not to say,8.9,Smartphone,5.8,2,TRUE
17,Female,3.2,Laptop/PC,8.6,5,FALSE
17,Male,6.2,Laptop/PC,6.8,2,TRUE
16,Male,2.5,Smartphone,9.5,5,TRUE
17,Male,3.5,Smartphone,8,3,TRUE
22,Female,2.4,Smartphone,7.4,4,TRUE
19,Female,8.4,Smartphone,5,1,TRUE
15,Male,5.5,Laptop/PC,6.2,3,TRUE
23,Female,4.4,Smartphone,6.3,2,FALSE
20,Female,3,Smartphone,9.2,5,FALSE
17,Female,3.9,Smartphone,7.5,3,TRUE
17,Male,7.4,Laptop/PC,4.6,1,TRUE
21,Female,4,Laptop/PC,7.8,3,FALSE
19,Female,5.7,Smartphone,6.2,2,TRUE
20,Male,6.1,Smartphone,6.5,3,TRUE
18,Female,2.9,Smartphone,6.8,3,TRUE
19,Female,6.1,Smartphone,7.3,2,TRUE
18,Male,2.7,Smartphone,7.4,4,FALSE
16,Female,3.4,Smartphone,7.4,3,TRUE
16,Male,1.9,Smartphone,7.4,3,FALSE
19,Male,7.6,Smartphone,6,2,TRUE
19,Non-Binary,4.9,Smartphone,7.4,3,FALSE
19,Non-Binary,5.5,Smartphone,6.7,3,FALSE
19,Female,5.4,Smartphone,6.5,2,FALSE
18,Male,8.1,Smartphone,5.6,1,TRUE
20,Female,5.9,Smartphone,7,2,TRUE
20,Male,3.9,Smartphone,8.3,3,FALSE
17,Female,12.5,Smartphone,4,1,FALSE
18,Male,6,Smartphone,5.7,1,TRUE
18,Male,2.3,Smartphone,7.6,2,TRUE
20,Female,1.7,Smartphone,8.8,5,TRUE
19,Male,3,Smartphone,8.4,3,FALSE
19,Male,6,Smartphone,6.2,2,FALSE
18,Male,6.7,Smartphone,5.9,2,TRUE
21,Male,4.3,Smartphone,6,2,TRUE
16,Male,3.6,Smartphone,6,2,TRUE
16,Female,3.9,Laptop/PC,7.1,3,FALSE
22,Female,3.5,Smartphone,6.8,3,FALSE
21,Male,2,Smartphone,9.4,4,TRUE
23,Female,2.7,Smartphone,8,3,FALSE
18,Male,3.8,Smartphone,7.2,3,FALSE
21,Female,4.9,Smartphone,8.3,2,FALSE
21,Male,3.5,Smartphone,8.2,4,FALSE
19,Female,4.7,Smartphone,6.1,2,TRUE
19,Male,7.1,Smartphone,7,3,FALSE
19,Prefer not to say,6,Smartphone,6.8,2,FALSE
17,Female,4.6,Smartphone,6,2,FALSE
18,Male,2.7,Smartphone,6.7,3,FALSE
20,Male,3.8,Laptop/PC,7.4,2,FALSE
17,Female,5.1,Smartphone,8.1,2,TRUE
19,Male,3.4,Smartphone,9,4,TRUE
18,Female,2.5,Smartphone,5.7,3,TRUE
20,Male,2.9,Laptop/PC,7.7,3,FALSE
20,Female,3.3,Smartphone,7.1,3,FALSE
17,Male,13.9,Smartphone,3.6,1,TRUE
20,Female,4,Smartphone,7,3,TRUE
16,Female,4.1,Smartphone,5.4,3,TRUE
21,Prefer not to say,2.5,Smartphone,7,2,FALSE
18,Female,2.9,Smartphone,7.1,2,TRUE
18,Male,6,Smartphone,5.7,1,TRUE
19,Male,2.6,Smartphone,7.7,3,FALSE
17,Female,6.7,Smartphone,5.4,2,TRUE
18,Male,9.5,Laptop/PC,6,2,TRUE
18,Female,4.3,Smartphone,8.3,2,TRUE
17,Female,4.8,Laptop/PC,7.1,1,TRUE
15,Female,5.3,Smartphone,6.8,2,FALSE
21,Female,7.9,Smartphone,4.8,1,TRUE
15,Female,5.9,Smartphone,4.5,3,TRUE
18,Male,5.6,Smartphone,6.3,2,TRUE
19,Male,6.9,Smartphone,6.2,2,FALSE
15,Female,11.4,Smartphone,4.5,1,TRUE
21,Female,3.4,Smartphone,6.9,2,TRUE
18,Female,4.5,Smartphone,6.3,2,TRUE
19,Female,1.7,Smartphone,8.6,5,TRUE
17,Male,4.1,Smartphone,8.6,4,FALSE
15,Male,5.8,Smartphone,5.6,1,TRUE
17,Male,7.7,Smartphone,5.1,1,TRUE
16,Male,3.5,Smartphone,8.4,4,FALSE
19,Female,4.9,Smartphone,7.2,4,TRUE
20,Male,4.9,Smartphone,6.8,2,TRUE
23,Male,5.8,Laptop/PC,7,4,TRUE
22,Male,1.8,Laptop/PC,8,4,FALSE
20,Male,5.2,Smartphone,7.3,4,TRUE
17,Male,2.8,Smartphone,7.6,4,TRUE
17,Male,3.9,Smartphone,7.9,3,TRUE
23,Female,7.2,Smartphone,5.5,1,TRUE
18,Male,7.9,Smartphone,4.8,1,TRUE
20,Female,6.1,Smartphone,7.4,3,TRUE
19,Male,9.4,Laptop/PC,4.5,1,FALSE
18,Female,1.8,Smartphone,7.1,5,FALSE
17,Female,2.9,Laptop/PC,7.2,2,TRUE
19,Female,3.3,Smartphone,7.7,4,TRUE
20,Male,9.4,Smartphone,5.7,1,TRUE
19,Male,4.1,Laptop/PC,7.6,3,FALSE
18,Female,10.6,Smartphone,4.3,1,TRUE
19,Male,6.8,Smartphone,5.5,2,TRUE
18,Male,3,Smartphone,6.9,4,TRUE
19,Male,4.5,Smartphone,6.3,3,FALSE
19,Male,3.1,Smartphone,7,4,TRUE
20,Male,3.7,Smartphone,7.1,3,FALSE
21,Female,3.8,Smartphone,5.8,2,FALSE
20,Male,3.8,Laptop/PC,6.6,2,TRUE
17,Male,4.8,Smartphone,7.5,3,FALSE
18,Male,3.6,Smartphone,7.6,2,FALSE
18,Male,1.4,Smartphone,10.4,5,FALSE
19,Female,3.8,Smartphone,7.2,3,TRUE
18,Male,3.4,Smartphone,6.4,1,FALSE
19,Male,8.1,Smartphone,6.8,2,FALSE
20,Female,12,Smartphone,4.1,1,TRUE
20,Male,4.8,Smartphone,8,3,FALSE
18,Female,6,Smartphone,4.9,2,TRUE
18,Male,6.2,Smartphone,9,3,TRUE
20,Female,8.9,Smartphone,6.1,1,TRUE
16,Female,4.4,Tablet,7,3,FALSE
18,Female,8.1,Smartphone,5.1,1,TRUE
19,Male,4.1,Smartphone,6.9,4,FALSE
19,Female,2.3,Smartphone,7.3,3,TRUE
19,Female,4.8,Smartphone,6.5,2,TRUE
15,Male,3.5,Smartphone,7.6,4,TRUE
17,Male,2.5,Smartphone,7.8,3,FALSE
18,Female,3.8,Smartphone,6.7,2,FALSE
19,Female,8,Smartphone,4.8,1,TRUE
19,Female,6.2,Smartphone,6.7,2,TRUE
18,Male,6.6,Smartphone,6.8,1,TRUE
17,Female,2.1,Laptop/PC,6.6,4,FALSE
19,Male,2,Smartphone,7.8,3,FALSE
18,Male,1.5,Smartphone,7,3,FALSE
18,Female,6.3,Smartphone,5.4,1,TRUE
18,Female,1.4,Smartphone,8.7,4,FALSE
18,Male,8,Tablet,6.2,2,TRUE
20,Male,2.9,Smartphone,7.9,4,FALSE
18,Female,6.5,Laptop/PC,7,3,TRUE
18,Female,9.9,Smartphone,6.2,1,TRUE
19,Female,13.3,Smartphone,4,1,TRUE
16,Female,12.6,Smartphone,3.6,1,TRUE
18,Female,4.5,Smartphone,7.9,3,FALSE
20,Female,4.1,Smartphone,7.9,4,TRUE
20,Male,4.7,Smartphone,5.6,1,TRUE
24,Female,3.2,Laptop/PC,8.6,3,FALSE
16,Male,3.9,Smartphone,7.6,3,FALSE
17,Female,7.3,Laptop/PC,7,3,FALSE
19,Male,2.1,Smartphone,6.4,3,FALSE
17,Male,11.5,Smartphone,5.3,1,FALSE
17,Male,9.6,Smartphone,5.1,1,TRUE
18,Female,5.2,Smartphone,7.8,3,FALSE
20,Male,3,Smartphone,7.7,3,FALSE
19,Female,3.2,Smartphone,7.1,3,FALSE
16,Male,4.3,Smartphone,6.6,3,FALSE
17,Male,4.5,Smartphone,5.6,3,TRUE
16,Female,6.2,Smartphone,5.5,2,TRUE
19,Male,3.4,Smartphone,6.7,4,FALSE
18,Male,4.6,Smartphone,7.7,3,FALSE
18,Female,6.3,Laptop/PC,7.1,3,TRUE
18,Female,3.3,Smartphone,7.7,3,FALSE
19,Male,3.9,Smartphone,7,3,TRUE
15,Female,1.4,Smartphone,7.8,3,FALSE
17,Male,3.4,Smartphone,7.9,2,TRUE
17,Female,3.6,Smartphone,6.5,2,FALSE
19,Female,4.3,Laptop/PC,8.7,4,FALSE
15,Non-Binary,5.9,Smartphone,7,4,FALSE
18,Female,4.8,Smartphone,7.3,2,TRUE
21,Male,2.6,Smartphone,6.9,4,TRUE
20,Male,2.1,Smartphone,8.4,4,FALSE
18,Male,5,Smartphone,7.7,3,FALSE
18,Male,1.4,Smartphone,9.1,4,FALSE
21,Prefer not to say,7.8,Smartphone,5.5,1,TRUE
19,Male,1.6,Laptop/PC,8.7,5,FALSE
15,Male,2.3,Smartphone,8.5,3,FALSE
20,Male,12.5,Smartphone,5,1,FALSE
17,Male,4.3,Smartphone,7.6,2,TRUE
17,Male,3.6,Smartphone,7.7,3,TRUE
18,Male,5.5,Laptop/PC,6.1,2,TRUE
16,Female,3.7,Smartphone,7.6,3,FALSE
19,Female,4.2,Smartphone,6.6,2,FALSE
21,Female,6.2,Smartphone,6.8,2,TRUE
18,Female,4.6,Smartphone,6.6,2,FALSE
21,Female,2.6,Smartphone,6.5,3,FALSE
17,Female,3.3,Smartphone,6.9,3,FALSE
19,Female,3.7,Smartphone,7,3,FALSE
20,Male,5.7,Smartphone,6.7,2,FALSE
17,Female,4,Smartphone,7.2,3,FALSE
18,Male,10.5,Laptop/PC,5.1,1,TRUE
17,Female,5.8,Laptop/PC,7.9,3,TRUE
19,Female,4.8,Smartphone,6.7,2,TRUE
18,Male,4.5,Smartphone,6.8,3,FALSE
19,Female,3.5,Smartphone,6.5,2,FALSE
16,Male,4.9,Smartphone,6.5,2,TRUE
26,Male,3.4,Smartphone,8.3,4,TRUE
18,Male,5.7,Smartphone,4.8,1,TRUE
15,Male,3.5,Smartphone,6.6,2,TRUE
20,Female,3.1,Smartphone,8.8,4,FALSE
19,Female,3.1,Smartphone,8.9,3,FALSE
15,Male,5.3,Laptop/PC,6.8,3,TRUE
19,Male,3.4,Smartphone,5.8,2,TRUE
21,Female,4.4,Smartphone,6.4,3,FALSE
19,Male,3.5,Laptop/PC,6.7,2,FALSE
20,Male,3.9,Smartphone,7.5,3,FALSE
19,Male,4.2,Smartphone,6.5,2,TRUE
18,Female,4.2,Smartphone,6.7,2,FALSE
19,Female,2.1,Smartphone,7.8,3,FALSE
26,Male,4.7,Smartphone,5.6,1,TRUE
17,Male,3.2,Smartphone,7.4,3,FALSE
21,Male,12.6,Smartphone,5.4,1,TRUE
15,Male,10,Smartphone,4.4,1,TRUE
20,Male,6.1,Smartphone,5.6,2,TRUE
20,Male,5.1,Smartphone,5.7,2,TRUE
16,Male,7.7,Smartphone,5.7,1,FALSE
19,Female,2.9,Smartphone,6.7,4,FALSE
18,Female,5.2,Smartphone,5.5,1,TRUE
19,Female,2.9,Smartphone,7.6,3,FALSE
18,Male,3.3,Smartphone,6.8,3,FALSE
21,Female,3.4,Smartphone,8.6,3,TRUE
20,Female,6.8,Smartphone,6.6,3,FALSE
16,Female,13.2,Smartphone,3.5,1,TRUE
18,Male,7.3,Smartphone,6.2,1,FALSE
16,Female,3.4,Smartphone,7.8,3,FALSE
17,Female,2.6,Smartphone,6.8,3,FALSE
21,Male,4.3,Smartphone,6.7,3,FALSE
19,Male,5.8,Smartphone,5.7,1,FALSE
20,Female,5.6,Smartphone,6.3,2,TRUE
17,Female,6.5,Laptop/PC,3.9,1,TRUE
18,Female,6.5,Smartphone,8,3,FALSE
15,Female,3.7,Smartphone,9.2,4,TRUE
17,Male,4.6,Smartphone,6.8,3,TRUE
17,Female,2.7,Smartphone,7.8,3,FALSE
20,Male,4.4,Tablet,7.9,4,FALSE
18,Female,3.1,Smartphone,7.1,3,FALSE
19,Male,4.1,Smartphone,7.2,3,TRUE
15,Female,3.1,Smartphone,6.5,4,TRUE
16,Male,8.8,Smartphone,6.7,1,TRUE
16,Female,1.9,Tablet,7.8,4,FALSE
23,Male,6.3,Smartphone,6.4,3,TRUE
19,Female,5.6,Smartphone,6.9,2,TRUE
20,Male,3.8,Smartphone,6.1,1,FALSE
20,Male,4.9,Smartphone,6.2,2,TRUE
23,Non-Binary,2,Smartphone,7.8,5,TRUE
24,Female,2.5,Smartphone,7,4,FALSE
19,Female,4.8,Smartphone,7,3,FALSE
20,Female,4.7,Tablet,8.3,4,FALSE
18,Female,3.2,Smartphone,8.3,4,TRUE
22,Male,5.5,Smartphone,7.2,2,TRUE
19,Female,5.9,Laptop/PC,6.5,2,TRUE
17,Female,6.8,Smartphone,6.2,3,FALSE
20,Female,10.8,Smartphone,3.8,1,TRUE
21,Male,4.5,Laptop/PC,6.8,3,TRUE
17,Male,4.9,Smartphone,6.1,2,FALSE
17,Male,2.8,Laptop/PC,7.2,4,FALSE
16,Male,3.2,Smartphone,6.4,4,TRUE
19,Female,4.5,Smartphone,8,3,TRUE
19,Female,5.1,Smartphone,7.9,3,TRUE
20,Female,4.8,Smartphone,8,2,FALSE
18,Female,8,Smartphone,6.3,2,TRUE
17,Female,1.9,Smartphone,8.2,4,FALSE
18,Female,5.9,Tablet,6.5,1,TRUE
17,Female,3.6,Smartphone,7.5,4,FALSE
19,Non-Binary,6.3,Smartphone,6.7,2,TRUE
19,Female,4.3,Smartphone,6.6,3,TRUE
18,Male,6,Laptop/PC,7.2,3,TRUE
16,Female,4.4,Smartphone,7.1,3,FALSE
17,Male,3.6,Smartphone,6,2,TRUE
21,Female,3.8,Smartphone,6.2,3,TRUE
18,Male,3.3,Smartphone,7.4,3,TRUE
18,Female,3.1,Tablet,7,4,FALSE
18,Female,5.7,Smartphone,7.4,2,FALSE
19,Female,5.7,Smartphone,5.3,2,TRUE
17,Male,2,Smartphone,8.9,4,TRUE
19,Female,5.5,Smartphone,7.2,4,TRUE
18,Male,2.5,Smartphone,7.8,3,FALSE
23,Female,4.5,Smartphone,7.5,3,TRUE
18,Male,3.6,Laptop/PC,7.6,3,TRUE
20,Male,3,Smartphone,6.8,3,FALSE
19,Male,6.3,Smartphone,6,2,TRUE
19,Male,6.7,Laptop/PC,7.2,1,TRUE
19,Male,5.3,Smartphone,7,2,TRUE
20,Male,7.2,Smartphone,6.5,1,TRUE
16,Female,6.3,Smartphone,6.7,3,TRUE
19,Male,12.1,Smartphone,3.6,1,FALSE
19,Female,5.6,Laptop/PC,5.9,2,TRUE
18,Female,2.3,Smartphone,9.4,4,TRUE
18,Female,10.8,Laptop/PC,3.4,1,TRUE
16,Female,5.7,Smartphone,5.7,2,TRUE
18,Female,9.8,Laptop/PC,5.2,1,TRUE
18,Female,8.9,Smartphone,6.8,1,FALSE
18,Female,4.4,Smartphone,6.7,2,FALSE
21,Male,1.9,Laptop/PC,7.9,3,TRUE
19,Female,5.6,Smartphone,4.7,1,FALSE
17,Female,9.8,Smartphone,5,1,FALSE
21,Male,3.8,Smartphone,6.2,2,TRUE
18,Male,5,Smartphone,7.5,3,TRUE
20,Male,2.8,Smartphone,8.6,4,FALSE
19,Female,5.5,Smartphone,6.4,1,TRUE
21,Female,5.8,Smartphone,5.8,3,TRUE
19,Female,8.9,Smartphone,4.6,1,TRUE
18,Male,2.8,Smartphone,8.8,4,FALSE
25,Prefer not to say,5.3,Smartphone,6.3,2,TRUE
16,Male,9.6,Smartphone,4.6,1,FALSE
16,Male,2.3,Smartphone,9,5,TRUE
20,Female,10.7,Tablet,5.4,1,TRUE
19,Female,6,Smartphone,6.5,3,TRUE
15,Female,5.6,Smartphone,5.2,2,TRUE
20,Female,4.2,Smartphone,7.5,3,TRUE
23,Female,5.9,Smartphone,6.3,2,TRUE
19,Female,6.2,Smartphone,6.9,2,TRUE
19,Female,4,Smartphone,6.3,2,TRUE
18,Female,2.5,Smartphone,7.3,3,FALSE
18,Female,5.5,Smartphone,6.7,3,TRUE
17,Female,14,Smartphone,4.1,1,TRUE
18,Non-Binary,1.6,Smartphone,8.3,3,FALSE
19,Female,6.6,Laptop/PC,5.2,1,TRUE
25,Male,5.7,Smartphone,7.2,3,TRUE
19,Male,1.5,Smartphone,7.9,3,TRUE
25,Female,3.5,Tablet,6.3,2,FALSE
18,Male,7.6,Laptop/PC,5.6,1,FALSE
22,Male,4.3,Smartphone,6.4,3,FALSE
20,Male,7.6,Smartphone,7,3,TRUE
19,Male,2.2,Smartphone,6.6,3,FALSE
17,Female,14,Smartphone,3.7,1,TRUE
16,Female,1.9,Smartphone,7.4,5,TRUE
21,Male,4.9,Smartphone,6.3,3,FALSE
18,Female,3.8,Smartphone,8.4,3,FALSE
19,Prefer not to say,3,Smartphone,7.7,4,FALSE
20,Non-Binary,3.4,Smartphone,8.2,3,TRUE
22,Male,6.3,Smartphone,7,2,TRUE
19,Male,12.8,Laptop/PC,4.3,1,TRUE
20,Male,3.8,Laptop/PC,8,3,FALSE
18,Male,6.1,Smartphone,6.5,2,TRUE
17,Male,4.8,Smartphone,7.1,4,FALSE
16,Female,6,Tablet,6.9,3,TRUE
16,Female,8.8,Smartphone,5.2,1,TRUE
19,Male,7.6,Smartphone,3.6,1,TRUE
20,Female,4.5,Smartphone,7.7,4,TRUE
18,Male,4.9,Smartphone,5.9,3,TRUE
18,Male,3.3,Smartphone,8,3,FALSE
18,Female,9.1,Smartphone,5,1,TRUE
20,Female,4.2,Smartphone,7.3,3,TRUE
17,Female,9,Smartphone,5,1,TRUE
17,Female,2.5,Smartphone,8.4,3,FALSE
18,Female,5.1,Smartphone,8.3,3,TRUE
16,Female,14,Smartphone,4.6,1,TRUE
17,Male,3.6,Smartphone,7,3,TRUE
20,Male,3.1,Smartphone,8.6,4,TRUE
19,Female,2.1,Smartphone,7.3,4,FALSE
21,Female,2.5,Smartphone,7.6,4,TRUE
16,Female,5.6,Smartphone,7.8,4,TRUE
20,Male,3.9,Smartphone,6,2,FALSE
17,Female,6.9,Smartphone,6.1,1,TRUE
22,Female,4,Smartphone,8.1,4,FALSE
17,Male,2.4,Laptop/PC,8.2,4,FALSE
19,Male,5.9,Smartphone,4.8,1,TRUE
16,Female,3.2,Smartphone,8,4,FALSE
18,Male,14,Smartphone,3.5,1,TRUE
19,Female,5.1,Smartphone,7.1,3,TRUE
16,Female,7.6,Smartphone,5.9,2,TRUE
16,Female,5,Smartphone,7,2,FALSE
18,Female,2.6,Smartphone,8.4,3,FALSE
15,Female,4.1,Laptop/PC,7.7,4,FALSE
17,Female,7.5,Smartphone,7.7,2,TRUE
17,Male,3.5,Smartphone,7.3,3,FALSE
17,Female,5.3,Smartphone,7.3,2,TRUE
19,Female,2.9,Smartphone,7.3,4,TRUE
20,Female,7.2,Smartphone,5.4,2,TRUE
19,Female,14,Laptop/PC,3.2,1,TRUE
18,Male,2.5,Smartphone,6.4,4,TRUE
21,Female,8.6,Tablet,4.5,1,TRUE
19,Male,2.7,Smartphone,6.8,4,TRUE
15,Male,4.4,Smartphone,7.6,3,FALSE
16,Female,3.9,Smartphone,7.3,3,FALSE
15,Male,5.3,Smartphone,6.4,2,TRUE
18,Female,8.6,Smartphone,6,2,TRUE
19,Prefer not to say,4.5,Laptop/PC,6.4,3,FALSE
18,Female,3.4,Smartphone,7.6,3,FALSE
18,Male,5.5,Tablet,6.4,2,TRUE
21,Male,4,Smartphone,7.7,3,TRUE
17,Female,6.3,Laptop/PC,7.2,3,TRUE
19,Female,3.1,Smartphone,8.9,4,FALSE
17,Male,7.8,Smartphone,6.1,2,TRUE
19,Female,7.4,Smartphone,5.1,1,TRUE
19,Male,2.7,Smartphone,6.9,4,FALSE
18,Female,2.5,Smartphone,6.2,2,FALSE
16,Male,2.3,Smartphone,7.3,3,FALSE
19,Male,5.9,Smartphone,6.1,2,FALSE
22,Male,5.2,Smartphone,6.3,2,TRUE
22,Male,3.3,Laptop/PC,6.7,3,FALSE
19,Female,7.2,Smartphone,5.7,1,TRUE
21,Female,6,Smartphone,6.1,2,FALSE
17,Male,9.6,Smartphone,3.8,1,TRUE
23,Male,3.8,Smartphone,7.4,3,FALSE
20,Female,4.3,Smartphone,5.4,3,TRUE
20,Male,9.1,Smartphone,3.9,1,TRUE
16,Male,4.9,Smartphone,5.8,2,FALSE
18,Male,2.2,Smartphone,6.7,4,FALSE
17,Male,10.8,Smartphone,5.5,1,TRUE
18,Male,4.6,Smartphone,7.4,3,TRUE
18,Non-Binary,5.9,Laptop/PC,6.7,3,FALSE
19,Prefer not to say,5.6,Laptop/PC,6.6,2,TRUE
18,Male,7.4,Smartphone,5.8,1,TRUE
22,Female,2.9,Smartphone,7.2,3,FALSE
19,Female,4.6,Laptop/PC,7.6,3,TRUE
19,Female,9.6,Smartphone,5.4,2,TRUE
22,Female,2.4,Smartphone,6.5,3,FALSE
17,Female,6.4,Smartphone,6.9,3,TRUE
22,Female,5.4,Smartphone,6.6,2,TRUE
20,Female,3.4,Smartphone,7.6,5,TRUE
18,Male,5.3,Smartphone,7.5,3,TRUE
18,Female,4.3,Laptop/PC,6.4,4,FALSE
19,Male,5.6,Smartphone,6.4,4,TRUE
19,Male,6.1,Laptop/PC,6.6,1,TRUE
22,Non-Binary,4.1,Smartphone,7.4,3,FALSE
19,Female,4,Smartphone,7.5,3,FALSE
20,Female,9.1,Smartphone,4.4,1,TRUE
18,Male,1.3,Smartphone,8.6,5,FALSE
21,Non-Binary,4.5,Smartphone,6.8,2,TRUE
20,Female,3.7,Smartphone,8,4,TRUE
20,Male,1.9,Smartphone,8,4,FALSE
19,Female,10.5,Smartphone,5.5,1,TRUE
16,Male,7.2,Smartphone,6.5,2,FALSE
18,Female,3.1,Smartphone,9.1,4,FALSE
18,Female,2.5,Smartphone,8.9,4,FALSE
18,Male,4.4,Smartphone,6.2,2,FALSE
20,Male,3.1,Smartphone,7,3,FALSE
18,Prefer not to say,4.2,Smartphone,6.4,2,FALSE
20,Female,12.3,Laptop/PC,5.2,1,TRUE
22,Male,13.2,Smartphone,4.7,1,TRUE
19,Female,4.9,Laptop/PC,5.8,2,TRUE
21,Male,12,Smartphone,4.3,1,TRUE
20,Male,1.8,Laptop/PC,8.6,4,FALSE
21,Male,2,Smartphone,7.1,3,FALSE
18,Male,9.1,Smartphone,6.8,1,TRUE
21,Female,4.6,Smartphone,7.5,3,TRUE
18,Female,7,Smartphone,6.7,2,TRUE
16,Male,9.4,Smartphone,5.3,1,TRUE
19,Female,5.6,Laptop/PC,7.3,1,FALSE
23,Male,4.1,Smartphone,5.9,2,FALSE
19,Female,10.6,Smartphone,5.9,2,TRUE
17,Female,14,Smartphone,3.9,1,TRUE
20,Female,2.7,Smartphone,7.8,4,TRUE
18,Male,2.7,Smartphone,7.8,3,FALSE
20,Female,2.4,Smartphone,8.3,4,FALSE
17,Female,3,Smartphone,6.8,3,TRUE
18,Female,8.5,Smartphone,4.7,1,TRUE
19,Female,3.1,Smartphone,7,3,FALSE
16,Female,5,Smartphone,5.2,2,TRUE
19,Male,2.7,Smartphone,8.5,4,FALSE
20,Non-Binary,2.9,Laptop/PC,7.2,3,FALSE
20,Female,2.4,Smartphone,8.4,4,FALSE
24,Female,3.9,Smartphone,6.8,3,FALSE
18,Male,5,Smartphone,7,2,TRUE
16,Female,6.5,Smartphone,6.9,3,TRUE
17,Non-Binary,2.5,Smartphone,9.2,4,FALSE
22,Female,3.3,Smartphone,6.9,3,FALSE
17,Male,3.4,Smartphone,9.3,5,FALSE
19,Male,10.5,Smartphone,4,1,FALSE
19,Male,3.1,Laptop/PC,7.3,3,TRUE
19,Female,8.3,Smartphone,8.1,3,TRUE
20,Female,4.9,Smartphone,6,1,FALSE
21,Male,4.5,Smartphone,5.7,1,TRUE
19,Female,7.4,Smartphone,6,3,TRUE
21,Female,6.8,Smartphone,6.4,1,TRUE
17,Male,12.1,Smartphone,5.6,2,TRUE
19,Male,7.5,Smartphone,4.7,1,TRUE
19,Male,3.1,Smartphone,8.7,3,FALSE
19,Male,1.9,Laptop/PC,8.4,4,TRUE
17,Male,6.9,Smartphone,7.6,2,TRUE
18,Male,13.4,Smartphone,4.2,1,TRUE
18,Prefer not to say,9.2,Smartphone,6.2,1,FALSE
22,Female,3.1,Smartphone,8.1,5,TRUE
18,Female,3.6,Smartphone,8.6,5,FALSE
18,Female,7.1,Smartphone,7.6,3,FALSE
18,Male,7.5,Smartphone,6.8,3,TRUE
16,Female,4.5,Smartphone,8.1,4,FALSE
21,Male,3.7,Smartphone,9,3,FALSE
15,Female,5.1,Smartphone,7.7,3,FALSE
22,Male,2.2,Smartphone,9.2,5,FALSE
18,Female,2.3,Tablet,8.7,5,TRUE
17,Male,3.5,Smartphone,7.6,4,FALSE
20,Male,3.1,Smartphone,8.7,4,TRUE
20,Female,6.9,Smartphone,5.6,2,FALSE
20,Male,5.8,Smartphone,6.3,3,TRUE
19,Female,8.5,Smartphone,6.8,1,TRUE
19,Female,6.6,Smartphone,6.5,2,TRUE
19,Female,6.2,Smartphone,4.7,2,FALSE
15,Female,14,Smartphone,4.1,1,TRUE
20,Male,5.8,Smartphone,6.7,1,TRUE
20,Male,4.2,Smartphone,7.9,5,FALSE
19,Female,6.7,Smartphone,6.9,2,FALSE
18,Male,10.8,Smartphone,3.3,1,TRUE
18,Male,6.7,Smartphone,3.8,1,TRUE
21,Female,3.5,Smartphone,6.7,2,TRUE
23,Male,5.4,Smartphone,5.3,1,TRUE
20,Male,3.3,Smartphone,7,3,FALSE
20,Male,3.1,Laptop/PC,6.8,2,FALSE
18,Female,4,Smartphone,6,1,TRUE
18,Female,4.8,Smartphone,5.9,2,TRUE
17,Female,8.3,Smartphone,5.8,1,FALSE
19,Male,2.8,Smartphone,6.8,4,FALSE
18,Male,4,Smartphone,4.5,1,TRUE
17,Female,3.6,Smartphone,7.2,3,FALSE
19,Female,4.8,Smartphone,6.2,2,TRUE
20,Male,4,Smartphone,8.2,3,FALSE
19,Male,3.6,Smartphone,7.5,2,FALSE
20,Female,2.8,Smartphone,8.3,3,TRUE
18,Male,5.2,Smartphone,6.5,2,TRUE
18,Prefer not to say,3.2,Smartphone,7.5,3,FALSE
19,Male,14,Smartphone,5.4,1,TRUE
20,Male,8.6,Smartphone,5.4,1,TRUE
17,Female,3,Smartphone,7.3,3,FALSE
20,Female,7.3,Laptop/PC,6.8,2,TRUE
23,Female,6.5,Smartphone,7.4,4,TRUE
17,Female,6.9,Smartphone,7.1,3,TRUE
16,Male,3,Laptop/PC,7.2,2,FALSE
21,Male,5.3,Smartphone,6.2,3,FALSE
18,Male,2.8,Smartphone,6.3,2,FALSE
17,Female,6.1,Smartphone,6.2,1,TRUE
19,Female,6.9,Smartphone,6.1,2,TRUE
18,Male,5.6,Smartphone,6.1,2,TRUE
18,Male,4,Smartphone,7.6,3,FALSE
19,Female,8,Smartphone,5.5,2,TRUE
22,Male,6.3,Smartphone,5.5,1,TRUE
16,Female,3.4,Laptop/PC,7.7,3,TRUE
20,Male,2.4,Smartphone,7,4,FALSE
18,Female,5.9,Smartphone,6.7,3,TRUE
17,Male,5.9,Smartphone,6.2,2,TRUE
17,Female,6.2,Smartphone,5.8,2,FALSE
20,Female,2.5,Smartphone,8,4,TRUE
19,Female,2.1,Smartphone,7.1,2,TRUE
18,Male,4,Smartphone,5,2,FALSE
18,Male,2.3,Smartphone,7.9,4,TRUE
19,Female,3.4,Smartphone,7.8,3,FALSE
20,Male,3.7,Smartphone,7.1,3,FALSE
19,Female,7.1,Smartphone,6.7,1,TRUE
20,Male,8.2,Smartphone,6.4,2,TRUE
18,Male,3.3,Laptop/PC,7.6,3,FALSE
20,Male,6.3,Smartphone,7.3,3,TRUE
18,Female,2.8,Smartphone,6.7,4,FALSE
17,Male,3.8,Smartphone,7.5,4,FALSE
16,Male,5.8,Smartphone,5.8,2,TRUE
18,Female,4.9,Smartphone,8.5,4,TRUE
16,Female,4.2,Smartphone,5.7,2,FALSE
19,Male,10.3,Smartphone,4.4,1,TRUE
15,Male,10.8,Smartphone,5.4,1,FALSE
20,Male,10,Smartphone,6.1,2,TRUE
18,Female,3.7,Smartphone,7.7,4,TRUE
20,Non-Binary,5.5,Smartphone,6.6,4,TRUE
18,Male,6.4,Smartphone,7,3,TRUE
20,Male,3.4,Smartphone,8.6,4,FALSE
16,Male,4.4,Smartphone,7.3,2,FALSE
21,Female,1.5,Smartphone,7.7,4,TRUE
16,Female,5.7,Laptop/PC,5.6,1,TRUE
22,Female,3.1,Smartphone,7.8,4,FALSE
23,Female,5.5,Smartphone,5.1,1,TRUE
19,Male,9.2,Laptop/PC,6,2,TRUE
17,Female,1.9,Smartphone,6.5,3,FALSE
17,Male,8.1,Smartphone,4.7,1,TRUE
20,Male,11.9,Smartphone,4.2,1,TRUE
18,Female,10.9,Laptop/PC,6.6,1,TRUE
21,Female,6.4,Laptop/PC,5.6,2,TRUE
20,Female,5.9,Smartphone,8.1,3,TRUE
17,Female,6.9,Smartphone,6.6,2,TRUE
19,Male,7.5,Smartphone,5.5,2,TRUE
19,Male,5.5,Laptop/PC,7.5,2,TRUE
21,Female,3.4,Smartphone,7.2,3,TRUE
21,Male,2.7,Smartphone,7.7,3,TRUE
18,Prefer not to say,12.6,Laptop/PC,4.7,1,TRUE
18,Female,4.8,Smartphone,6.8,4,TRUE
16,Prefer not to say,2.4,Smartphone,7.2,3,FALSE
20,Female,7.6,Smartphone,6.7,2,TRUE
19,Female,5.8,Smartphone,7,3,TRUE
22,Female,8.2,Laptop/PC,6,1,TRUE
19,Male,7.4,Smartphone,7.2,3,TRUE
20,Male,7.1,Smartphone,6.9,2,TRUE
18,Female,4.8,Laptop/PC,7.9,3,FALSE
20,Male,5.7,Smartphone,7.5,4,TRUE
20,Female,7.3,Smartphone,5.2,1,TRUE
18,Female,6.6,Smartphone,6.4,2,TRUE
18,Female,3.4,Smartphone,7,3,FALSE
18,Female,4.7,Smartphone,6.7,2,FALSE
18,Female,6,Laptop/PC,5.9,2,TRUE
15,Male,3.8,Smartphone,5.8,2,TRUE
18,Female,3.9,Smartphone,6.6,3,TRUE
18,Male,5.9,Smartphone,7,2,TRUE
18,Female,6,Smartphone,6.6,2,TRUE
18,Male,1.1,Smartphone,9.4,5,TRUE
17,Female,5.8,Smartphone,6.6,2,FALSE
19,Male,4.4,Smartphone,6.6,3,FALSE
20,Male,4.9,Smartphone,6.8,2,FALSE
15,Male,5.9,Smartphone,5.5,3,TRUE
18,Male,3.8,Smartphone,7.7,4,FALSE
19,Male,4.9,Smartphone,6.3,3,TRUE
20,Female,3.6,Laptop/PC,7.1,2,FALSE
22,Female,5.4,Smartphone,5.5,2,TRUE
18,Male,6.6,Smartphone,7,2,TRUE
16,Male,4.8,Smartphone,6.2,2,TRUE
20,Female,5.7,Smartphone,6.6,2,TRUE
16,Non-Binary,2.8,Laptop/PC,8,3,FALSE
17,Female,3.3,Smartphone,6.7,2,TRUE
19,Male,5.1,Smartphone,5.6,1,FALSE
20,Female,4,Smartphone,6.7,3,TRUE
18,Female,7.7,Smartphone,6.3,2,TRUE
20,Male,7.8,Smartphone,6.3,1,TRUE
18,Male,8.3,Smartphone,5.6,1,TRUE
18,Female,4.5,Laptop/PC,6.1,2,FALSE
18,Female,3.1,Smartphone,7.8,4,FALSE
19,Male,6.1,Smartphone,6.4,3,TRUE
15,Female,4.3,Smartphone,7.4,3,FALSE
19,Female,7.3,Smartphone,6,2,FALSE
15,Male,3.2,Smartphone,8.3,4,TRUE
18,Female,3.9,Laptop/PC,6,2,FALSE
20,Male,5.4,Smartphone,6.9,2,FALSE
19,Female,3.1,Smartphone,8.4,3,TRUE
18,Male,3.3,Smartphone,7,3,FALSE
21,Female,6.1,Smartphone,7.3,1,FALSE
17,Male,4.8,Smartphone,7.2,2,FALSE
18,Prefer not to say,2.6,Smartphone,5.7,2,TRUE
19,Female,6.1,Smartphone,6.7,1,FALSE
16,Male,9.3,Smartphone,6,2,TRUE
17,Male,3.8,Smartphone,6.5,2,FALSE
19,Female,3,Tablet,8.3,3,FALSE
15,Female,6.5,Smartphone,6.8,2,TRUE
17,Male,4.9,Smartphone,5.1,1,FALSE
20,Female,4.9,Smartphone,7.6,2,FALSE
17,Male,4,Smartphone,7.7,4,TRUE
19,Male,9,Smartphone,7.2,2,TRUE
20,Female,8.6,Smartphone,5.5,2,FALSE
18,Female,4.5,Smartphone,7.1,3,FALSE
18,Male,5.5,Tablet,6.2,2,TRUE
15,Male,3,Laptop/PC,6.9,4,FALSE
20,Male,5.7,Smartphone,6.8,3,TRUE
19,Male,3.5,Smartphone,7.8,3,FALSE
16,Male,4.9,Smartphone,7.5,2,FALSE
16,Female,4.6,Smartphone,5.7,2,TRUE
20,Male,2.6,Smartphone,6.1,2,FALSE
19,Male,14,Smartphone,3,1,TRUE
19,Male,8.8,Smartphone,6.1,1,TRUE
17,Female,7.5,Smartphone,6.6,3,TRUE
19,Male,5.5,Smartphone,5.9,2,TRUE
23,Male,6.9,Smartphone,6,1,TRUE
17,Male,4.9,Smartphone,7.6,2,TRUE
19,Female,2.1,Laptop/PC,6.8,2,FALSE
19,Female,5,Smartphone,7,2,TRUE
19,Female,13.9,Smartphone,3,1,TRUE
20,Female,5.7,Tablet,8,3,TRUE
15,Male,3.1,Smartphone,6.6,3,FALSE
18,Male,7.3,Smartphone,5.5,1,TRUE
17,Male,3.3,Laptop/PC,7.9,2,TRUE
17,Female,8.8,Smartphone,5.6,1,TRUE
20,Female,4.1,Smartphone,7.2,3,TRUE
18,Male,6.7,Smartphone,5.5,2,TRUE
20,Male,2.5,Smartphone,7.1,2,TRUE
20,Male,2.3,Laptop/PC,7,2,TRUE
20,Non-Binary,3.4,Smartphone,8.2,4,TRUE
18,Female,3.9,Laptop/PC,6.4,3,FALSE
22,Non-Binary,2.5,Smartphone,7.2,4,FALSE
18,Male,3.6,Smartphone,7.2,3,FALSE
18,Male,6.3,Smartphone,7.1,2,TRUE
18,Prefer not to say,5.9,Smartphone,7.8,3,TRUE
18,Male,7.2,Smartphone,6.1,1,TRUE
20,Female,5.9,Laptop/PC,6.4,2,TRUE
17,Female,4,Smartphone,7.1,2,TRUE
21,Male,4.5,Smartphone,6.9,3,TRUE
15,Male,7,Smartphone,5.1,1,TRUE
20,Male,3.8,Smartphone,8.4,3,FALSE
19,Female,4.9,Laptop/PC,5.5,1,TRUE
20,Female,6.7,Smartphone,6.2,1,TRUE
17,Female,5.9,Smartphone,5.8,2,TRUE
20,Female,10.6,Smartphone,4.4,1,TRUE
17,Female,10.2,Smartphone,4.1,1,FALSE
18,Male,2.1,Smartphone,7.7,3,TRUE
15,Female,1.9,Smartphone,7.9,3,TRUE
21,Female,8.3,Smartphone,6.3,2,TRUE
17,Female,4.1,Smartphone,6,3,FALSE
18,Male,4.4,Smartphone,7.6,3,TRUE
20,Male,5.5,Laptop/PC,6.4,4,TRUE
16,Male,10.1,Laptop/PC,6.3,2,TRUE
17,Female,6.1,Smartphone,5.9,1,TRUE
23,Male,5.5,Smartphone,6.1,3,TRUE
17,Female,4.8,Smartphone,6.5,2,FALSE
20,Male,2.8,Smartphone,8.4,4,FALSE
19,Female,7.2,Smartphone,6,2,FALSE
19,Female,8.6,Smartphone,6.1,3,TRUE
18,Male,6.7,Smartphone,6.2,2,TRUE
19,Female,8,Smartphone,7,1,TRUE
15,Female,5.1,Smartphone,6.1,3,TRUE
21,Female,13.2,Laptop/PC,3.3,1,TRUE
21,Female,2.8,Smartphone,7.9,3,TRUE
19,Prefer not to say,4,Smartphone,6.8,3,FALSE
17,Male,6.3,Smartphone,5.8,2,TRUE
18,Female,3.5,Smartphone,8.1,3,TRUE
19,Female,3.1,Laptop/PC,6.9,4,FALSE
18,Male,4.5,Laptop/PC,6.1,3,FALSE
16,Female,7.5,Smartphone,5.9,2,TRUE
24,Female,3.1,Smartphone,7.9,4,FALSE
24,Male,4.1,Smartphone,7.5,3,FALSE
19,Female,5.6,Smartphone,6.4,3,TRUE
18,Female,3.2,Laptop/PC,7.7,4,FALSE
18,Male,14,Smartphone,4.6,1,FALSE
16,Prefer not to say,2.3,Smartphone,7.3,3,TRUE
18,Male,8.4,Smartphone,6.1,1,FALSE
20,Male,4.4,Smartphone,7.1,3,FALSE
18,Female,3.2,Smartphone,8.7,3,FALSE
22,Female,5.9,Smartphone,6,1,FALSE
20,Male,6,Laptop/PC,4,1,TRUE
19,Male,3.6,Smartphone,7.5,4,TRUE
16,Female,3.3,Smartphone,6.6,3,FALSE
19,Female,4.1,Smartphone,5.4,2,TRUE
19,Male,3.1,Smartphone,7.6,3,FALSE
19,Female,4.8,Smartphone,7.7,2,FALSE
18,Male,3.9,Smartphone,7.1,3,FALSE
17,Male,3.4,Laptop/PC,7.7,4,FALSE
24,Male,5.1,Smartphone,6,2,FALSE
17,Female,9.9,Smartphone,6.8,2,TRUE
18,Male,4.3,Smartphone,5.7,2,TRUE
21,Female,9.9,Smartphone,3.5,1,FALSE
21,Female,5.7,Smartphone,6.7,3,TRUE
20,Male,2.8,Smartphone,7.5,3,FALSE
15,Male,5,Smartphone,5.7,2,TRUE
17,Female,5.1,Laptop/PC,6.4,2,TRUE
19,Female,1.7,Smartphone,7.1,3,TRUE
20,Female,2.8,Smartphone,5.7,2,TRUE
20,Female,3.6,Smartphone,6.5,2,FALSE
20,Female,3.1,Smartphone,8.4,4,FALSE
19,Female,4.5,Smartphone,6.2,1,FALSE
17,Female,5.9,Smartphone,6.9,2,TRUE
19,Male,5.1,Laptop/PC,7.7,3,FALSE
19,Male,2.4,Smartphone,8.5,5,FALSE
17,Female,3.2,Smartphone,7.3,2,TRUE
16,Female,10.5,Smartphone,4.9,1,FALSE
22,Female,13.4,Laptop/PC,5.5,1,TRUE
21,Male,10.4,Smartphone,3.3,1,FALSE
22,Female,4.8,Smartphone,7.2,2,FALSE
21,Male,2.8,Smartphone,7.1,4,FALSE
17,Female,4.8,Laptop/PC,6.1,2,TRUE
20,Female,3.4,Smartphone,9,3,FALSE
19,Male,3.7,Smartphone,7.6,3,TRUE
19,Male,8.5,Smartphone,5.4,1,TRUE
19,Female,3.5,Smartphone,6.8,3,TRUE
18,Male,2.6,Laptop/PC,7.2,3,FALSE
18,Female,3.6,Smartphone,7.8,3,FALSE
17,Female,7.6,Smartphone,6.4,1,TRUE
19,Non-Binary,5.7,Smartphone,7.1,3,FALSE
16,Non-Binary,4.9,Laptop/PC,8.9,3,FALSE
19,Female,10.6,Smartphone,4.8,1,TRUE
19,Male,3.6,Smartphone,7.5,3,FALSE
19,Prefer not to say,8,Laptop/PC,5.8,1,TRUE
22,Female,5.2,Smartphone,6.5,3,FALSE
18,Male,3.6,Smartphone,7.3,3,FALSE
16,Female,13.1,Smartphone,5.5,1,FALSE
16,Female,4.7,Smartphone,7.5,4,FALSE
20,Female,2.7,Smartphone,5.9,2,TRUE
20,Female,4.4,Smartphone,7,3,FALSE
18,Male,4.4,Laptop/PC,8.6,3,TRUE
17,Female,3.8,Smartphone,7,3,FALSE
20,Female,3.4,Smartphone,7.1,2,FALSE
18,Male,11.3,Smartphone,5,1,TRUE
16,Female,5.2,Smartphone,7.1,4,TRUE
20,Female,4.8,Laptop/PC,7.7,3,FALSE
20,Male,3.4,Smartphone,10.1,5,TRUE
24,Male,5.9,Smartphone,6.9,2,TRUE
18,Male,4.7,Laptop/PC,7,2,TRUE
20,Female,2.7,Smartphone,7.7,3,FALSE
16,Female,7.3,Smartphone,6.3,2,TRUE
18,Male,4.7,Smartphone,7.2,3,FALSE
19,Male,5.9,Smartphone,7.5,3,TRUE
20,Female,5.2,Smartphone,6.1,2,TRUE
21,Female,2.7,Smartphone,8.7,4,FALSE
20,Male,6.7,Smartphone,6.1,2,FALSE
20,Female,12.4,Smartphone,3,1,FALSE
17,Male,4.8,Laptop/PC,7,3,TRUE
18,Male,4.6,Smartphone,7.4,3,TRUE
18,Male,2.3,Smartphone,6.4,3,FALSE
17,Female,2.8,Smartphone,8.1,4,FALSE
17,Female,2.3,Smartphone,6.7,3,FALSE
21,Female,8.2,Smartphone,6.6,2,TRUE
17,Prefer not to say,8.7,Smartphone,3.8,1,TRUE
18,Male,5.4,Smartphone,7.1,3,TRUE
19,Female,5.5,Smartphone,6.1,2,TRUE
15,Male,12.2,Laptop/PC,4.2,1,TRUE
18,Male,3.5,Smartphone,7.8,4,FALSE
18,Female,4.7,Laptop/PC,7.5,3,FALSE
19,Male,11.3,Smartphone,4.9,1,TRUE
21,Male,4.5,Smartphone,6.4,2,FALSE
19,Male,2.5,Smartphone,8.1,4,FALSE
18,Female,1.9,Smartphone,7.3,3,FALSE
18,Male,5.9,Smartphone,6,2,TRUE
17,Female,8.5,Smartphone,5.7,1,TRUE
26,Female,5,Smartphone,6.9,2,TRUE
18,Female,2.2,Smartphone,9,5,TRUE
19,Male,1.9,Laptop/PC,8.9,3,FALSE
18,Male,5.7,Laptop/PC,5.4,3,TRUE
18,Female,2.5,Smartphone,7,4,TRUE
19,Female,3.7,Smartphone,6.9,2,TRUE
17,Male,12.2,Smartphone,3.5,1,TRUE
18,Female,2.5,Smartphone,8.9,4,TRUE
22,Male,3.6,Smartphone,7.5,4,FALSE
17,Female,14,Smartphone,3.2,1,TRUE
19,Female,7,Smartphone,5.7,2,TRUE
18,Male,3.2,Smartphone,8.6,3,TRUE
18,Female,2.3,Smartphone,7.3,3,FALSE
18,Male,3.4,Smartphone,7.6,2,TRUE
15,Female,5,Smartphone,6.3,2,TRUE
16,Male,3.4,Smartphone,6.7,3,FALSE
17,Male,5,Smartphone,7.1,2,FALSE
15,Female,5.5,Smartphone,4.5,1,TRUE
18,Female,4.6,Smartphone,6.6,2,TRUE
20,Female,2.6,Laptop/PC,7,3,FALSE
18,Female,7.2,Smartphone,7.5,2,TRUE
17,Female,4.3,Laptop/PC,6,3,FALSE
16,Female,4.5,Smartphone,6.5,2,FALSE
17,Female,1.5,Laptop/PC,8.6,4,TRUE
15,Male,3.8,Smartphone,8.1,3,FALSE
18,Female,8.7,Laptop/PC,5.8,2,TRUE
20,Male,2,Smartphone,7.2,3,FALSE
18,Female,6.7,Smartphone,6.5,2,TRUE
20,Male,6.7,Smartphone,7.3,3,TRUE
18,Male,9.3,Smartphone,4.2,1,TRUE
20,Male,11.8,Smartphone,4.6,1,TRUE
19,Female,5.8,Smartphone,6.6,2,FALSE
20,Male,6.1,Smartphone,6.7,1,TRUE
18,Male,3.2,Smartphone,7.8,3,FALSE
19,Female,4.1,Smartphone,5.3,1,TRUE
21,Male,4.3,Smartphone,6,3,FALSE
17,Female,3,Smartphone,6,2,FALSE
21,Female,3.3,Smartphone,7.6,3,FALSE
20,Male,3.8,Smartphone,8.3,4,FALSE
19,Female,2.3,Smartphone,7.9,4,FALSE
23,Female,6.6,Smartphone,5.6,1,TRUE
19,Female,3.9,Smartphone,8,3,TRUE
17,Male,5.8,Smartphone,5.6,2,TRUE
22,Female,10.3,Smartphone,5.4,1,TRUE
18,Male,5,Smartphone,5.7,2,TRUE
22,Female,3.1,Laptop/PC,5.3,2,TRUE
18,Male,8.7,Laptop/PC,5,2,TRUE
20,Female,14,Laptop/PC,3,1,TRUE
18,Male,7.3,Smartphone,7.6,3,TRUE
17,Male,5.1,Smartphone,5.5,1,TRUE
21,Female,6.5,Laptop/PC,5.2,1,FALSE
18,Female,6.5,Smartphone,7,2,TRUE
16,Female,4.6,Smartphone,5.4,1,TRUE
20,Male,7,Tablet,5.3,2,TRUE
23,Female,4,Smartphone,7,3,TRUE
15,Male,3.1,Smartphone,6.5,3,TRUE
17,Male,2.1,Smartphone,6.4,2,FALSE
20,Male,6.2,Smartphone,7.4,3,TRUE
19,Female,3.1,Laptop/PC,7.2,3,TRUE
21,Female,3.9,Smartphone,6.8,2,FALSE
18,Male,3.8,Smartphone,7.9,4,FALSE
16,Male,4.7,Smartphone,6.1,3,FALSE
17,Female,7,Smartphone,6.1,2,FALSE
18,Prefer not to say,3.2,Smartphone,7.5,3,TRUE
15,Male,3.9,Laptop/PC,8,2,FALSE
18,Female,5.6,Smartphone,7.8,3,TRUE
19,Female,2.7,Smartphone,6.6,2,TRUE
21,Male,6,Smartphone,6.6,2,FALSE
18,Female,4,Smartphone,6,3,TRUE
17,Male,4.5,Smartphone,6.8,3,TRUE
20,Non-Binary,5.8,Laptop/PC,7.9,3,TRUE
19,Female,4.5,Smartphone,7.7,3,FALSE
25,Female,3.1,Smartphone,8.1,4,TRUE
26,Male,5.7,Smartphone,6.5,2,TRUE
20,Female,8.3,Smartphone,5.8,2,TRUE
19,Female,6.6,Smartphone,8.5,3,TRUE
18,Female,7.7,Smartphone,5.4,1,TRUE
16,Female,6.9,Smartphone,7.2,2,FALSE
18,Male,3.1,Smartphone,7.4,3,FALSE
19,Female,4.7,Smartphone,7.9,2,FALSE
17,Female,5.9,Smartphone,5.4,3,TRUE
19,Female,7.3,Smartphone,6.1,2,FALSE
15,Male,7.8,Smartphone,5.1,2,TRUE
16,Female,4.7,Laptop/PC,6.5,2,FALSE
22,Female,2.4,Laptop/PC,8.9,4,FALSE
21,Male,3.5,Smartphone,8.8,4,FALSE
17,Male,5.7,Tablet,4.9,2,TRUE
20,Male,4,Smartphone,7,3,FALSE
18,Male,2.6,Laptop/PC,7,3,FALSE
19,Male,5.8,Smartphone,7.5,3,FALSE
19,Male,8.3,Laptop/PC,7.2,3,TRUE
18,Male,11.4,Smartphone,3.9,1,TRUE
19,Male,2.8,Smartphone,8.6,2,TRUE
24,Female,5.6,Smartphone,7,3,TRUE
19,Male,5,Tablet,7.4,3,FALSE
23,Male,5.8,Smartphone,6.8,3,TRUE
18,Female,8.4,Laptop/PC,5.6,2,TRUE
20,Female,4.6,Smartphone,7.7,4,FALSE
19,Male,8.2,Smartphone,5.2,2,FALSE
17,Male,4.1,Smartphone,6.4,2,TRUE
15,Male,6,Smartphone,6.4,2,TRUE
17,Prefer not to say,4.7,Smartphone,7.6,3,FALSE
18,Male,7,Smartphone,6.5,2,TRUE
16,Male,4.7,Smartphone,6.9,2,TRUE
18,Female,14,Smartphone,4.2,1,TRUE
17,Male,2.8,Smartphone,7.9,3,FALSE
21,Male,7.2,Smartphone,4.6,1,TRUE
17,Male,3,Smartphone,6.4,2,FALSE
17,Male,4.3,Laptop/PC,5.5,2,TRUE
19,Male,6.5,Smartphone,6.2,2,TRUE
18,Male,6.4,Laptop/PC,5.3,1,TRUE
21,Male,8.7,Smartphone,5.5,1,FALSE
20,Female,2.1,Smartphone,8.6,4,FALSE
16,Male,3.7,Smartphone,6.2,2,FALSE
21,Female,14,Laptop/PC,3.9,1,TRUE
19,Male,7.5,Smartphone,5.9,2,TRUE
21,Female,8.4,Laptop/PC,5.7,2,TRUE
17,Female,5.3,Laptop/PC,8.1,3,TRUE
17,Female,4.3,Laptop/PC,6.3,2,FALSE
21,Male,14,Smartphone,4.9,1,TRUE
24,Male,2.2,Smartphone,8.3,3,FALSE
17,Male,2.9,Smartphone,7.8,3,FALSE
22,Male,7.7,Smartphone,6.2,3,TRUE
19,Female,3.5,Laptop/PC,8,4,TRUE
18,Male,6.5,Smartphone,5.3,2,TRUE
19,Female,3.6,Smartphone,8.5,3,FALSE
16,Female,8.1,Smartphone,5.8,1,FALSE
18,Male,7.3,Smartphone,6.4,2,TRUE
18,Female,8.9,Smartphone,5.8,2,TRUE
17,Male,3,Smartphone,7.2,3,TRUE
20,Female,5.2,Smartphone,6.9,2,TRUE
17,Male,1.1,Smartphone,10.1,5,TRUE
16,Male,2.3,Smartphone,7.5,3,TRUE
16,Female,4.1,Smartphone,7.3,2,FALSE
15,Male,8.2,Smartphone,5.3,1,TRUE
18,Female,12.3,Smartphone,5.5,1,TRUE
17,Female,5.3,Smartphone,7.8,4,TRUE
18,Female,6.5,Smartphone,6.8,2,TRUE
16,Female,6.6,Smartphone,6.8,1,TRUE
19,Female,5.6,Smartphone,7.3,3,TRUE
22,Male,4.9,Smartphone,6.6,3,FALSE
17,Female,4.9,Smartphone,5.9,2,TRUE
20,Male,6.2,Smartphone,7,3,TRUE
16,Female,11.7,Smartphone,5.4,1,TRUE
20,Female,2.8,Smartphone,7.7,5,FALSE
21,Female,3.9,Smartphone,8,3,FALSE
18,Male,5.8,Smartphone,8.1,3,TRUE
19,Female,6.7,Laptop/PC,5.1,1,TRUE
15,Male,13.5,Smartphone,4.2,1,TRUE
19,Female,4.5,Laptop/PC,7.2,2,TRUE
18,Female,3.4,Smartphone,6.8,3,TRUE
20,Female,4.2,Smartphone,5.7,3,TRUE
19,Female,4.6,Smartphone,6.8,2,FALSE
20,Female,2.4,Smartphone,9.1,4,TRUE
22,Male,3.9,Smartphone,6.8,3,FALSE
18,Male,12.2,Smartphone,4.9,1,TRUE
19,Male,3.7,Smartphone,7.4,2,FALSE
17,Non-Binary,3.3,Smartphone,5.1,2,FALSE
21,Female,4.2,Smartphone,6.1,2,FALSE
20,Male,3.3,Smartphone,7.2,4,FALSE
20,Female,8.5,Smartphone,5.4,2,TRUE
18,Female,3.7,Smartphone,6.7,1,FALSE
19,Male,4.1,Smartphone,7.6,3,FALSE
17,Male,8.6,Smartphone,7.1,2,TRUE
19,Female,2.4,Laptop/PC,6.5,2,FALSE
22,Non-Binary,3.7,Smartphone,6.9,3,FALSE
20,Female,4,Smartphone,6.5,2,TRUE
19,Female,4.7,Laptop/PC,7.4,3,TRUE
20,Male,9,Smartphone,4,1,TRUE
17,Female,7.8,Laptop/PC,7.1,3,TRUE
20,Male,3.8,Smartphone,6.3,3,FALSE
20,Female,3,Smartphone,7.5,4,FALSE
16,Male,3.8,Smartphone,8,4,FALSE
18,Female,3.9,Smartphone,7.2,3,TRUE
18,Female,9.6,Smartphone,5.2,1,TRUE
18,Male,1.9,Smartphone,6.9,3,TRUE
21,Female,4.9,Smartphone,7.3,2,FALSE
19,Female,2.8,Smartphone,7.6,3,TRUE
17,Male,3.8,Smartphone,6.6,3,TRUE
21,Non-Binary,3,Smartphone,7.4,3,TRUE
19,Male,6.2,Laptop/PC,6.1,3,TRUE
18,Female,6.5,Smartphone,6.4,3,TRUE
18,Male,5.6,Smartphone,5.3,2,TRUE
20,Female,4.5,Smartphone,6.8,2,TRUE
19,Female,8.9,Laptop/PC,5.5,1,TRUE
18,Male,4.9,Smartphone,7.3,3,FALSE
20,Female,9.3,Smartphone,3.9,1,TRUE
17,Male,6.2,Smartphone,8.2,2,FALSE
16,Female,13.4,Smartphone,5.9,1,TRUE
19,Female,5.4,Smartphone,6.6,2,TRUE
18,Male,4.8,Smartphone,8,3,TRUE
21,Male,7.1,Smartphone,7.4,2,TRUE
20,Female,6,Smartphone,6.5,3,TRUE
18,Male,10.6,Smartphone,4.1,1,TRUE
17,Female,4,Laptop/PC,7.9,3,FALSE
24,Male,4.7,Smartphone,6.3,1,FALSE
18,Male,2.7,Smartphone,6.2,1,FALSE
20,Male,9.5,Smartphone,4.6,1,TRUE
16,Female,14,Smartphone,5.4,1,TRUE
17,Male,5.2,Smartphone,6.1,2,TRUE
18,Male,6,Smartphone,4.8,1,TRUE
20,Non-Binary,4.9,Smartphone,6.5,2,FALSE
18,Female,4.1,Smartphone,6.8,2,TRUE
16,Female,1.9,Laptop/PC,6,2,FALSE
20,Male,3.8,Laptop/PC,6.6,3,TRUE
19,Male,5.3,Smartphone,7,3,FALSE
18,Male,6.7,Smartphone,6.3,2,TRUE
21,Female,4.4,Smartphone,8.5,3,FALSE
20,Male,10.6,Smartphone,4.2,1,FALSE
16,Male,9.6,Smartphone,5.7,1,TRUE
20,Female,5.5,Smartphone,6,2,TRUE
15,Female,5.3,Smartphone,6.4,3,TRUE
20,Female,7.3,Smartphone,4.4,1,TRUE
20,Male,2.5,Smartphone,6.7,4,FALSE
15,Female,3.5,Smartphone,6.7,2,FALSE
19,Female,14,Smartphone,4.8,1,TRUE
20,Male,5.3,Smartphone,7.4,2,FALSE
21,Male,3.9,Smartphone,6.7,2,FALSE
17,Female,3.2,Smartphone,7.8,4,FALSE
19,Male,3.7,Laptop/PC,7.9,2,TRUE
19,Female,7.6,Smartphone,4.5,1,FALSE
18,Male,3.6,Smartphone,7.8,4,FALSE
17,Female,7.7,Smartphone,6.1,2,FALSE
18,Male,8,Smartphone,5.7,1,TRUE
19,Female,5.6,Smartphone,7,2,TRUE
20,Male,5.9,Smartphone,6,1,TRUE
19,Female,6,Smartphone,5.7,1,TRUE
20,Male,6.3,Smartphone,5.1,3,TRUE
17,Female,4.4,Smartphone,7.4,3,TRUE
17,Male,6.8,Smartphone,6.9,3,TRUE
19,Male,3.9,Tablet,6.9,3,TRUE
17,Female,3,Laptop/PC,7.3,3,FALSE
18,Prefer not to say,4.1,Smartphone,6.6,2,TRUE
17,Male,1.7,Smartphone,8.5,4,FALSE
20,Female,2.1,Laptop/PC,7,3,FALSE
21,Male,6.9,Smartphone,6.5,1,TRUE
22,Male,5.8,Smartphone,6.9,2,TRUE
18,Female,3.1,Smartphone,8.1,3,FALSE
17,Non-Binary,2.6,Smartphone,8.5,4,TRUE
21,Male,4.4,Smartphone,6.7,2,TRUE
17,Male,4.4,Smartphone,4.8,2,TRUE
22,Male,2.8,Smartphone,7.3,4,FALSE
19,Male,6.5,Smartphone,7.5,3,FALSE
19,Male,12.4,Laptop/PC,4.4,1,TRUE
21,Female,7.1,Smartphone,6.1,1,TRUE
19,Female,8,Smartphone,5,1,TRUE
24,Female,5.1,Smartphone,6,1,FALSE
16,Female,3.8,Smartphone,6.6,2,FALSE
19,Female,7.1,Laptop/PC,5.8,2,TRUE
17,Female,10.4,Smartphone,5.7,1,TRUE
16,Female,3.8,Smartphone,8.4,5,TRUE
19,Male,3.9,Laptop/PC,6.8,3,FALSE
16,Male,6.8,Smartphone,8.3,2,TRUE
19,Female,4.9,Smartphone,7.9,3,FALSE
20,Male,3.1,Smartphone,7.4,4,TRUE
19,Female,4,Smartphone,6.9,2,TRUE
16,Male,4.3,Smartphone,6.9,2,FALSE
17,Female,4.5,Laptop/PC,8,5,FALSE
16,Male,3.4,Smartphone,7.2,3,FALSE
19,Male,4.4,Laptop/PC,6.7,3,FALSE
17,Female,6.4,Smartphone,6.9,3,TRUE
18,Male,11.3,Smartphone,5.3,1,TRUE
18,Male,5.4,Smartphone,6.2,3,TRUE
18,Female,4.1,Smartphone,7.8,4,FALSE
19,Female,5.1,Smartphone,5.4,1,FALSE
26,Male,7.9,Smartphone,6.3,1,TRUE
22,Female,4.1,Smartphone,5.9,2,FALSE
15,Male,3.5,Smartphone,5.6,2,TRUE
15,Female,4.3,Smartphone,6.2,2,TRUE
17,Male,13.3,Laptop/PC,4.8,1,TRUE
21,Male,1.5,Smartphone,8.1,4,TRUE
19,Female,5.4,Laptop/PC,7.7,3,TRUE
20,Female,7.2,Smartphone,5.5,1,TRUE
16,Male,4.4,Laptop/PC,6.9,4,TRUE
18,Male,2.4,Smartphone,7.6,4,FALSE
18,Female,5.3,Laptop/PC,5.7,3,TRUE
22,Female,7.2,Smartphone,6.5,3,TRUE
16,Female,14,Smartphone,4.5,1,TRUE
19,Female,6.4,Smartphone,5.9,1,TRUE
21,Male,3.4,Smartphone,6,2,FALSE
19,Female,5.6,Smartphone,6,1,TRUE
15,Male,3.9,Smartphone,8.1,3,FALSE
19,Male,7.9,Smartphone,7.2,3,TRUE
18,Female,3.2,Smartphone,7,3,TRUE
21,Male,4.5,Smartphone,7.5,3,FALSE
20,Female,2.7,Smartphone,8.2,3,FALSE
18,Female,4.8,Smartphone,5.6,3,TRUE
17,Male,2.4,Smartphone,6.6,3,FALSE
18,Female,7.3,Smartphone,6.2,2,TRUE
17,Female,6.9,Smartphone,6.7,1,TRUE
16,Male,1.6,Smartphone,8.1,4,TRUE
21,Non-Binary,5.1,Laptop/PC,6.4,2,TRUE
16,Female,6.6,Smartphone,6.9,3,FALSE
18,Female,4.3,Smartphone,6,3,TRUE
18,Male,2,Smartphone,8.5,2,FALSE
17,Male,4,Laptop/PC,6,3,TRUE
18,Female,4.2,Smartphone,7.3,3,TRUE
18,Female,3.8,Smartphone,5.9,3,TRUE
19,Male,3.2,Smartphone,7.7,4,FALSE
16,Female,4.7,Smartphone,6.7,2,FALSE
20,Female,9.1,Smartphone,5.6,1,FALSE
16,Male,10.6,Smartphone,4.1,1,FALSE
23,Female,13.4,Smartphone,3.7,1,TRUE
18,Male,6.3,Smartphone,7.7,3,TRUE
18,Male,3.7,Smartphone,7.5,3,FALSE
19,Male,1.9,Smartphone,7.2,4,FALSE
17,Female,10.9,Smartphone,4.2,1,FALSE
19,Female,14,Smartphone,5.1,1,TRUE
22,Female,8,Smartphone,6.5,1,TRUE
20,Male,2.2,Laptop/PC,8.4,3,FALSE
15,Female,6.1,Smartphone,5.7,2,TRUE
18,Female,2.9,Smartphone,7.9,4,FALSE
20,Male,3.2,Smartphone,7.1,3,TRUE
15,Female,3.8,Smartphone,7.2,3,TRUE
20,Female,8.8,Smartphone,6,2,TRUE
20,Male,3.3,Smartphone,6.1,1,FALSE
18,Male,6.7,Smartphone,6.4,2,TRUE
19,Female,4.3,Smartphone,7.9,3,FALSE
26,Male,3.4,Smartphone,7.5,4,FALSE
19,Male,4.1,Smartphone,6.6,3,FALSE
19,Prefer not to say,7.3,Laptop/PC,5,1,TRUE
17,Male,4.1,Laptop/PC,6.8,3,FALSE
18,Male,8.1,Smartphone,4.9,1,TRUE
17,Non-Binary,9.6,Smartphone,4.2,1,TRUE
16,Male,2.7,Smartphone,8.4,4,TRUE
21,Female,5.3,Smartphone,6.8,2,TRUE
17,Female,3.5,Smartphone,7,3,FALSE
18,Male,4.2,Laptop/PC,6.4,2,FALSE
18,Male,2.3,Smartphone,7.7,4,TRUE
23,Male,3.5,Smartphone,7.4,3,FALSE
18,Male,6.6,Smartphone,6.3,2,TRUE
23,Male,8.8,Smartphone,5.3,2,TRUE
18,Male,5.8,Smartphone,8,3,TRUE
18,Male,10.8,Smartphone,6.1,1,FALSE
24,Male,1.2,Smartphone,8.4,4,TRUE
19,Female,4.9,Smartphone,7.2,2,FALSE
15,Female,2.8,Smartphone,7.6,4,FALSE
15,Female,4.5,Smartphone,8.1,3,FALSE
18,Female,2.9,Smartphone,8,3,FALSE
20,Male,4.3,Tablet,8,3,FALSE
23,Male,4.3,Laptop/PC,7,3,TRUE
19,Male,3.5,Smartphone,7.1,3,TRUE
20,Male,3.8,Smartphone,6.4,2,TRUE
19,Male,4.1,Smartphone,6.7,3,FALSE
16,Male,4.9,Smartphone,6.2,1,TRUE
19,Male,4.2,Smartphone,7.5,3,TRUE
17,Male,4.3,Laptop/PC,7.8,3,TRUE
16,Non-Binary,3.2,Smartphone,7.3,3,TRUE
18,Female,3.8,Smartphone,5.8,2,TRUE
17,Male,2.5,Smartphone,10,5,FALSE
20,Male,7.9,Smartphone,6.9,3,TRUE
18,Female,4.8,Smartphone,6,3,TRUE
17,Male,1.3,Smartphone,8.1,4,TRUE
22,Female,7.2,Smartphone,5.2,1,TRUE
18,Female,3.9,Smartphone,5.6,2,TRUE
21,Male,4.3,Laptop/PC,7.1,3,FALSE
19,Male,4.1,Smartphone,7.5,4,TRUE
19,Female,7.6,Smartphone,4.9,2,FALSE
20,Male,4.5,Smartphone,7,2,TRUE
20,Male,6.7,Smartphone,5,1,TRUE
18,Prefer not to say,14,Smartphone,4.1,1,TRUE
20,Female,4.8,Smartphone,5.8,2,FALSE
19,Female,6.3,Tablet,5.5,2,TRUE
18,Male,10.7,Smartphone,4.5,1,FALSE
20,Female,3.6,Smartphone,7.1,3,FALSE
19,Female,2.1,Smartphone,8.2,4,TRUE
23,Female,6,Smartphone,7.4,3,TRUE
19,Female,14,Smartphone,3.1,1,TRUE
20,Male,1.4,Smartphone,8.5,4,TRUE
15,Male,2.8,Laptop/PC,5.9,2,FALSE
15,Female,5.7,Laptop/PC,6.8,2,TRUE
18,Male,5.4,Smartphone,6.8,3,TRUE
17,Male,11.5,Smartphone,5.8,1,TRUE
17,Female,4.7,Smartphone,8.6,3,FALSE
17,Female,8.9,Smartphone,5.8,1,FALSE
17,Female,5.5,Smartphone,6,2,TRUE
19,Male,3.4,Smartphone,7,2,TRUE
17,Male,2.9,Smartphone,6.6,4,FALSE
18,Female,2.3,Smartphone,8,5,FALSE
18,Male,5.4,Smartphone,5.8,2,TRUE
19,Female,9.4,Smartphone,6.4,2,FALSE
21,Male,6.7,Smartphone,6.6,2,FALSE
16,Female,3.7,Smartphone,7.5,3,FALSE
24,Male,3.2,Smartphone,7,3,TRUE
19,Female,4.8,Smartphone,6,2,FALSE
19,Male,7.4,Smartphone,6.8,3,TRUE
19,Female,3.4,Laptop/PC,7.8,3,TRUE
19,Female,3.7,Smartphone,7.5,3,FALSE
18,Male,4,Tablet,6.7,3,TRUE
16,Male,3.4,Smartphone,7.8,3,TRUE
16,Non-Binary,3.6,Smartphone,6.4,3,FALSE
17,Male,3.7,Smartphone,6.6,1,FALSE
16,Female,3.4,Smartphone,6.1,2,FALSE
16,Female,5.7,Smartphone,6.6,2,TRUE
16,Female,6.8,Smartphone,4.6,1,TRUE
16,Male,5.9,Laptop/PC,6.3,1,TRUE
18,Male,3,Smartphone,8.8,4,TRUE
17,Male,8.6,Laptop/PC,6.3,2,TRUE
20,Female,4,Laptop/PC,7.3,3,FALSE
15,Male,3.2,Laptop/PC,7.2,2,FALSE
22,Male,5.7,Smartphone,6.6,2,TRUE
16,Male,7.6,Tablet,6.1,2,TRUE
19,Female,7.3,Smartphone,6,2,TRUE
18,Female,8.3,Smartphone,6.4,2,TRUE
20,Male,8,Smartphone,5,2,TRUE
17,Male,3.8,Smartphone,8.6,2,FALSE
19,Female,4.8,Smartphone,5.9,3,TRUE
15,Female,3.4,Smartphone,6.8,1,FALSE
22,Male,5.6,Laptop/PC,4.8,2,TRUE
19,Female,3.6,Smartphone,8.2,4,FALSE
17,Male,7.7,Smartphone,6,1,TRUE
22,Female,8.6,Laptop/PC,4.5,1,TRUE
17,Non-Binary,7.5,Smartphone,6.5,2,TRUE
16,Male,2.5,Smartphone,7.1,4,FALSE
20,Female,2.4,Smartphone,8.1,3,TRUE
18,Male,3.3,Smartphone,8,3,FALSE
21,Male,2.4,Smartphone,7.2,3,TRUE
21,Female,13.1,Smartphone,3,1,TRUE
26,Male,3.6,Smartphone,8.7,4,FALSE
19,Male,5.1,Smartphone,6.6,2,TRUE
18,Male,2.7,Smartphone,8.1,4,FALSE
17,Female,3.5,Laptop/PC,6.3,3,FALSE
19,Female,7.5,Smartphone,6.6,2,TRUE
18,Male,2.1,Smartphone,7.5,4,FALSE
21,Female,6.4,Smartphone,7.8,2,TRUE
17,Male,6.9,Laptop/PC,5.5,1,TRUE
22,Female,7.3,Smartphone,5.4,1,FALSE
18,Female,2.3,Smartphone,9.1,4,FALSE
24,Male,4.4,Tablet,6.6,2,FALSE
17,Male,3.7,Smartphone,7.6,3,FALSE
18,Male,3.5,Smartphone,7.9,4,TRUE
18,Female,5.6,Laptop/PC,6.2,2,TRUE
21,Prefer not to say,6.5,Laptop/PC,7.2,3,FALSE
20,Female,5.5,Smartphone,5.7,3,TRUE
21,Female,3.3,Smartphone,6.3,3,TRUE
15,Female,7.1,Smartphone,7.1,3,TRUE
19,Male,8.3,Smartphone,7,2,TRUE
17,Female,5.5,Smartphone,7.7,1,FALSE
20,Male,4.6,Smartphone,7.8,3,TRUE
19,Female,2.7,Tablet,7.3,3,FALSE
19,Female,2.3,Smartphone,7.4,3,FALSE
17,Male,4.9,Smartphone,7.7,4,FALSE
17,Female,3.3,Smartphone,7.4,4,FALSE
18,Male,6.5,Smartphone,5.3,2,FALSE
21,Female,4.6,Smartphone,5.9,3,TRUE
16,Male,6,Smartphone,5,1,TRUE
19,Female,5.7,Smartphone,9.3,3,FALSE
17,Male,4.3,Smartphone,7.2,3,TRUE
21,Male,3.7,Smartphone,7.3,2,TRUE
20,Female,2.9,Smartphone,6.1,4,FALSE
20,Male,4.6,Smartphone,7.3,3,FALSE
17,Female,4.9,Smartphone,6.7,3,FALSE
20,Male,4.2,Smartphone,6.2,2,FALSE
20,Male,3.9,Smartphone,6.4,2,FALSE
15,Male,4.6,Laptop/PC,6.4,3,TRUE
19,Male,6.6,Smartphone,6.8,3,TRUE
19,Female,7,Laptop/PC,6.4,3,TRUE
17,Male,7,Smartphone,6.7,2,TRUE
16,Male,2.1,Smartphone,7.1,2,FALSE
17,Non-Binary,8.9,Smartphone,5.8,1,FALSE
18,Female,3.3,Smartphone,9,3,FALSE
20,Female,2.6,Smartphone,8.7,4,TRUE
17,Male,3.8,Smartphone,6.8,3,FALSE
20,Male,7.5,Laptop/PC,5.4,1,TRUE
18,Male,5,Smartphone,7.1,2,FALSE
18,Male,5.8,Smartphone,6.9,2,TRUE
20,Male,14,Smartphone,3.7,1,TRUE
19,Male,4,Smartphone,6.5,3,FALSE
18,Female,4,Smartphone,7.4,4,FALSE
19,Male,3.7,Laptop/PC,6.8,4,FALSE
17,Female,11.1,Smartphone,3.2,1,FALSE
18,Female,3.2,Smartphone,8.7,3,FALSE
21,Female,4.3,Smartphone,9.2,2,FALSE
16,Non-Binary,2.5,Smartphone,7.2,2,TRUE
19,Female,8.3,Smartphone,5.7,3,TRUE
15,Female,4.3,Smartphone,7.4,2,TRUE
18,Female,10,Smartphone,5.6,1,FALSE
17,Female,3.2,Laptop/PC,8.9,4,TRUE
18,Male,8.7,Smartphone,6.4,1,TRUE
20,Male,5.6,Smartphone,7.9,4,TRUE
17,Female,2.6,Smartphone,7,3,FALSE
19,Male,3.3,Tablet,6.5,2,FALSE
17,Male,4.1,Smartphone,5.9,3,TRUE
21,Female,11.4,Smartphone,5.1,1,TRUE
18,Female,5.9,Smartphone,5.8,1,TRUE
17,Male,4.9,Smartphone,7,2,TRUE
18,Prefer not to say,4.9,Smartphone,7.6,3,FALSE
18,Male,4.4,Smartphone,8.3,3,FALSE
19,Male,5.8,Smartphone,6.1,2,FALSE
16,Female,3.7,Laptop/PC,7.7,2,FALSE
21,Male,2,Tablet,7.2,3,TRUE
18,Female,6.4,Smartphone,6.4,1,FALSE
17,Female,4.2,Smartphone,6.5,3,FALSE
16,Non-Binary,9.8,Smartphone,4.8,1,TRUE
19,Male,5,Smartphone,6.1,2,TRUE
19,Male,1.3,Smartphone,8.2,5,TRUE
18,Female,5.3,Smartphone,8.1,3,TRUE
16,Male,4.8,Smartphone,7.8,3,TRUE
18,Male,6.1,Smartphone,5.7,2,TRUE
20,Female,4.6,Smartphone,6.1,2,FALSE
17,Female,4,Smartphone,8.1,3,TRUE
18,Male,2.1,Smartphone,8.1,4,FALSE
19,Male,2.3,Smartphone,7.6,4,FALSE
16,Male,2.3,Smartphone,7.2,4,FALSE
21,Female,6.8,Smartphone,7.6,2,TRUE
17,Male,4.6,Smartphone,7.7,3,TRUE
19,Male,5,Smartphone,6.2,1,TRUE
19,Male,4.6,Smartphone,8.4,3,TRUE
21,Female,2.9,Smartphone,6.7,3,TRUE
15,Female,4.4,Smartphone,6.6,3,FALSE
17,Female,4,Smartphone,6.8,2,TRUE
20,Female,5.2,Smartphone,7.5,3,TRUE
20,Female,5.1,Laptop/PC,6.3,3,FALSE
16,Male,2.3,Smartphone,9.1,4,FALSE
17,Male,4.7,Smartphone,6.1,2,FALSE
16,Male,4.3,Laptop/PC,7,3,FALSE
17,Female,5.3,Smartphone,6.6,3,FALSE
17,Female,5.2,Smartphone,7.7,3,TRUE
19,Non-Binary,10,Smartphone,3.9,1,TRUE
21,Male,2.9,Smartphone,7.2,3,TRUE
21,Male,5.2,Laptop/PC,8,3,TRUE
17,Male,3.1,Laptop/PC,7.5,3,TRUE
20,Male,5.1,Smartphone,6.3,2,TRUE
17,Female,5.5,Smartphone,6.6,3,TRUE
18,Female,7.1,Smartphone,4.9,2,TRUE
17,Female,10.2,Smartphone,5.2,1,TRUE
17,Male,4.3,Smartphone,8.2,4,FALSE
19,Male,3.8,Smartphone,7.1,3,FALSE
21,Male,7,Smartphone,6.9,1,TRUE
15,Female,6.6,Smartphone,5.3,2,TRUE
18,Female,4.8,Smartphone,6.6,3,FALSE
18,Female,6.4,Smartphone,6.2,2,TRUE
19,Female,4.6,Smartphone,7.7,3,FALSE
19,Male,9.9,Smartphone,3.9,1,TRUE
21,Female,6.1,Smartphone,7.2,2,TRUE
21,Female,1.9,Smartphone,7,4,FALSE
18,Female,8,Smartphone,6.2,1,TRUE
18,Female,11.7,Laptop/PC,5,1,TRUE
18,Female,1.4,Smartphone,8.4,4,FALSE
18,Female,1.8,Laptop/PC,8.4,4,FALSE
18,Male,3.2,Smartphone,7.3,3,FALSE
17,Female,8.2,Smartphone,5.3,1,TRUE
20,Male,7.1,Smartphone,6.6,2,TRUE
20,Non-Binary,9.2,Smartphone,5.7,2,FALSE
18,Female,6.8,Smartphone,6.7,3,TRUE
18,Male,5.1,Smartphone,5.4,1,TRUE
16,Female,5.6,Smartphone,5.9,2,TRUE
24,Female,2.6,Smartphone,6.9,3,FALSE
19,Male,4.9,Smartphone,5.8,2,FALSE
15,Female,5.1,Smartphone,6.3,2,TRUE
16,Female,6,Smartphone,4.8,1,TRUE
20,Female,7.7,Smartphone,6.1,1,FALSE
19,Male,4.2,Smartphone,7,3,FALSE
20,Female,5,Laptop/PC,5.9,2,TRUE
18,Male,8.6,Smartphone,6.5,1,TRUE
20,Male,4.9,Smartphone,5.6,2,TRUE
19,Male,7.8,Smartphone,5.5,1,TRUE
18,Female,4,Smartphone,7.5,3,TRUE
20,Male,10,Smartphone,6.9,2,TRUE
18,Female,2.1,Laptop/PC,8.5,5,FALSE
21,Female,2.3,Smartphone,7.4,4,FALSE
20,Female,8.7,Smartphone,6.9,2,TRUE
21,Male,3.6,Laptop/PC,7.4,2,FALSE
19,Female,3.4,Laptop/PC,6.9,2,FALSE
21,Female,3.3,Smartphone,7.1,3,FALSE
17,Male,2.4,Smartphone,8.6,4,TRUE
17,Male,5.5,Laptop/PC,7.3,3,TRUE
22,Female,2.5,Smartphone,7.8,3,TRUE
18,Non-Binary,4.4,Smartphone,6.3,1,TRUE
15,Male,4.1,Smartphone,7.4,2,FALSE
23,Female,6.8,Smartphone,6.2,2,TRUE
16,Female,9.2,Smartphone,5.1,1,TRUE
18,Non-Binary,14,Laptop/PC,5,1,TRUE
24,Female,8.2,Smartphone,5.9,2,TRUE
18,Male,7.6,Smartphone,5.6,1,FALSE
21,Female,2.1,Smartphone,6.9,3,FALSE
18,Male,3,Smartphone,8.2,4,FALSE
19,Male,1.9,Smartphone,9.3,4,FALSE
19,Male,8.3,Smartphone,6.7,2,TRUE
24,Male,4.8,Smartphone,7.6,3,FALSE
21,Male,2.3,Laptop/PC,8.9,4,TRUE
18,Male,6.5,Smartphone,5.7,2,FALSE
20,Male,6.2,Smartphone,5,1,TRUE
18,Male,5.9,Smartphone,7.9,2,TRUE
19,Female,5.1,Smartphone,6.9,3,TRUE
22,Female,4.1,Smartphone,7.7,3,FALSE
15,Male,2.3,Laptop/PC,6.3,3,FALSE
23,Male,2.7,Smartphone,7.3,3,FALSE
19,Female,3.7,Laptop/PC,7.5,2,FALSE
19,Male,4.2,Smartphone,6.9,3,FALSE
15,Male,1.8,Smartphone,7.4,3,FALSE
18,Male,4,Smartphone,8.6,4,TRUE
17,Male,2.3,Smartphone,5,1,TRUE
19,Male,5.8,Laptop/PC,7.1,2,TRUE
18,Female,4.2,Smartphone,8,4,FALSE
18,Male,5.9,Tablet,7.1,3,TRUE
20,Female,2.7,Smartphone,7.7,3,TRUE
18,Male,3.5,Smartphone,7.3,3,FALSE
19,Male,6.7,Smartphone,5.8,2,TRUE
19,Female,5.3,Tablet,7.5,3,FALSE
16,Female,9.3,Smartphone,6.4,1,TRUE
20,Male,4.4,Smartphone,6.2,2,TRUE
16,Female,6.1,Smartphone,6.7,3,TRUE
15,Female,8.7,Smartphone,6.9,2,TRUE
22,Female,3.9,Laptop/PC,8.3,3,FALSE
17,Non-Binary,12.5,Smartphone,4.7,1,TRUE
22,Female,4.7,Smartphone,7.4,3,FALSE
17,Male,8.9,Smartphone,5.3,1,TRUE
20,Male,4.2,Smartphone,6.2,3,FALSE
17,Male,3.1,Smartphone,8.3,3,FALSE
19,Male,2.7,Smartphone,8.1,4,TRUE
17,Female,4.3,Smartphone,6.6,3,FALSE
23,Male,4.9,Smartphone,7.1,3,TRUE
17,Male,3,Smartphone,6.7,3,TRUE
17,Female,4.7,Smartphone,6.5,2,TRUE
18,Female,4,Smartphone,6.9,3,FALSE
18,Female,4.1,Smartphone,7.5,4,FALSE
20,Male,5.4,Smartphone,6.1,2,TRUE
19,Female,6.7,Smartphone,8.4,3,TRUE
20,Female,3.4,Smartphone,8,3,FALSE
19,Female,4.3,Smartphone,7.9,2,FALSE
19,Male,2.7,Smartphone,6.8,4,TRUE
17,Female,14,Smartphone,3.6,1,TRUE
20,Female,5.6,Tablet,5.9,1,FALSE
21,Female,11.7,Smartphone,4.1,1,TRUE
16,Female,5,Smartphone,7.6,2,FALSE
18,Female,5.1,Smartphone,6.6,2,FALSE
16,Male,2.9,Smartphone,7.5,3,FALSE
16,Female,5.4,Smartphone,7.9,3,TRUE
19,Male,2.8,Smartphone,7.8,5,FALSE
21,Male,7.1,Smartphone,6.4,1,TRUE
19,Non-Binary,9.8,Laptop/PC,5.9,2,FALSE
19,Female,4.7,Smartphone,5.8,2,TRUE
21,Male,5.1,Smartphone,7.3,3,TRUE
20,Male,10.9,Smartphone,4.2,1,TRUE
20,Male,7.3,Smartphone,7.2,2,TRUE
22,Male,3,Laptop/PC,6.7,3,FALSE
18,Female,8.3,Smartphone,4.7,2,TRUE
18,Male,8.3,Tablet,5,1,FALSE
19,Female,4,Smartphone,6,2,FALSE
20,Male,4.9,Smartphone,9.1,3,TRUE
18,Male,2.1,Smartphone,8.1,3,FALSE
21,Prefer not to say,2.3,Smartphone,8.2,3,FALSE
17,Male,4,Smartphone,7,3,FALSE
18,Female,11,Smartphone,5.6,1,TRUE
18,Female,7.4,Smartphone,5.7,2,TRUE
20,Male,8.7,Smartphone,4.5,1,FALSE
18,Female,6.8,Smartphone,6.1,2,TRUE
20,Female,2.3,Laptop/PC,7.5,3,TRUE
17,Female,4.9,Smartphone,6.2,2,TRUE
16,Female,6.3,Smartphone,4.7,2,TRUE
17,Male,2.9,Smartphone,7.5,3,TRUE
21,Male,5.3,Smartphone,6.8,2,FALSE
21,Female,5.6,Smartphone,5.7,1,TRUE
17,Male,2.7,Smartphone,8.2,4,FALSE
17,Male,5.2,Smartphone,5.9,3,TRUE
22,Female,2.7,Tablet,8.2,4,TRUE
16,Female,2.9,Smartphone,8.6,3,TRUE
23,Female,5.1,Laptop/PC,6.7,2,TRUE
18,Female,3.7,Smartphone,6.9,2,FALSE
18,Male,5.1,Smartphone,6.3,2,TRUE
18,Male,3.4,Smartphone,7.9,4,FALSE
21,Male,14,Smartphone,3.1,1,TRUE
17,Female,5.1,Smartphone,6,2,TRUE
18,Female,9.8,Tablet,5.9,1,TRUE
22,Male,3.4,Smartphone,7,4,FALSE
16,Male,8.5,Smartphone,5.1,2,TRUE
17,Female,4.2,Laptop/PC,6.6,3,TRUE
25,Female,1.9,Smartphone,7,3,TRUE
21,Female,3.7,Smartphone,6.5,3,TRUE
20,Male,5.7,Smartphone,5.3,1,TRUE
15,Male,5.5,Smartphone,7.9,3,TRUE
18,Female,6,Smartphone,6.4,1,TRUE
17,Male,4.7,Smartphone,6.1,2,FALSE
18,Male,5.3,Smartphone,6.8,2,TRUE
17,Female,2.8,Smartphone,5.3,2,TRUE
18,Male,1.7,Smartphone,7.5,4,FALSE
23,Male,5.4,Smartphone,6.3,2,TRUE
16,Male,7.5,Smartphone,6.4,1,TRUE
20,Female,10.4,Smartphone,4.1,1,TRUE
19,Male,10.8,Smartphone,4.5,1,TRUE
17,Male,7.4,Smartphone,6.2,2,TRUE
18,Male,10.5,Smartphone,5.8,1,TRUE
20,Male,4.9,Smartphone,7.9,2,TRUE
18,Male,10.7,Smartphone,3.7,1,FALSE
18,Female,5.4,Smartphone,7.6,3,TRUE
20,Female,3.7,Smartphone,8.7,3,FALSE
23,Male,11.3,Smartphone,4.4,1,TRUE
17,Male,6.2,Smartphone,7.5,3,TRUE
18,Male,6,Smartphone,5.7,2,TRUE
16,Male,6,Smartphone,7.3,2,TRUE
15,Female,4.3,Smartphone,6.4,2,TRUE
18,Male,6.8,Laptop/PC,6,2,TRUE
17,Female,3.2,Smartphone,7.7,3,TRUE
19,Male,3.6,Smartphone,7.2,4,FALSE
18,Non-Binary,1.4,Smartphone,7.9,4,TRUE
17,Female,8,Smartphone,7.7,2,TRUE
22,Male,8.1,Smartphone,6,2,TRUE
20,Male,3.2,Smartphone,5.9,1,TRUE
21,Female,2.6,Smartphone,6.5,3,FALSE
17,Male,6.2,Laptop/PC,7.5,1,TRUE
20,Male,4.9,Smartphone,7.3,3,FALSE
23,Female,6.4,Laptop/PC,4.8,1,TRUE
23,Male,3.1,Laptop/PC,6.6,3,TRUE
19,Female,4.6,Smartphone,7.9,4,FALSE
19,Male,2.9,Smartphone,7.7,4,TRUE
17,Male,4.1,Smartphone,7.1,3,TRUE
17,Male,5.6,Laptop/PC,7.9,3,TRUE
21,Female,4.3,Smartphone,7.3,4,FALSE
21,Non-Binary,4.6,Laptop/PC,8.3,4,FALSE
17,Female,3.7,Tablet,7.9,4,FALSE
19,Female,2.4,Smartphone,6.5,3,TRUE
19,Male,2.8,Smartphone,6.4,2,FALSE
20,Female,2.6,Smartphone,7.5,5,TRUE
22,Male,6.5,Smartphone,6.6,3,FALSE
20,Female,5.6,Laptop/PC,6.5,2,TRUE
20,Female,3.7,Smartphone,8.4,3,TRUE
20,Male,2.5,Smartphone,6,1,FALSE
18,Female,2.4,Laptop/PC,8.4,4,TRUE
20,Male,9.9,Smartphone,6.6,2,TRUE
20,Female,3.1,Smartphone,7.7,4,TRUE
19,Female,2.8,Smartphone,7.1,4,FALSE
20,Female,4.6,Laptop/PC,7.7,2,FALSE
17,Male,6.4,Laptop/PC,7.9,3,TRUE
19,Non-Binary,5.6,Smartphone,7.1,3,FALSE
16,Male,5.2,Smartphone,7.1,3,TRUE
18,Female,4.3,Smartphone,7.8,3,TRUE
19,Male,4.4,Laptop/PC,8,4,FALSE
17,Female,5.1,Smartphone,6.2,2,TRUE
17,Female,5.7,Smartphone,6,2,FALSE
19,Female,4.3,Smartphone,7.6,3,FALSE
25,Male,3.8,Tablet,7.1,2,TRUE
18,Male,4,Smartphone,7.6,3,TRUE
22,Male,2.9,Smartphone,7.4,3,FALSE
20,Male,4.3,Smartphone,6.8,3,FALSE
20,Male,9.2,Smartphone,6.4,2,FALSE
17,Male,5.9,Laptop/PC,6.4,2,TRUE
18,Female,2.1,Tablet,7.1,3,FALSE
25,Male,2.3,Smartphone,7.4,3,FALSE
16,Female,14,Tablet,4.6,1,TRUE
20,Female,2.9,Smartphone,7.2,4,TRUE
17,Female,6,Smartphone,6.8,2,TRUE
19,Male,10.7,Smartphone,4.5,1,TRUE
20,Male,4.6,Smartphone,7,3,FALSE
25,Male,3.5,Smartphone,6.3,3,TRUE
21,Prefer not to say,3,Smartphone,7.8,3,TRUE
16,Female,5.3,Smartphone,5.3,1,FALSE
20,Female,8.1,Smartphone,6.7,2,TRUE
18,Male,3.8,Smartphone,7.5,2,FALSE
16,Female,6.6,Smartphone,6.5,1,TRUE
16,Female,3,Smartphone,6.6,2,TRUE
19,Female,4.3,Laptop/PC,8.1,3,FALSE
18,Female,4.4,Smartphone,7.5,4,TRUE
17,Male,3.4,Smartphone,7,4,FALSE
19,Female,3.1,Smartphone,7,2,FALSE
19,Prefer not to say,2.5,Smartphone,6.9,3,TRUE
17,Male,5,Smartphone,6.5,1,TRUE
24,Male,7.1,Smartphone,6.8,1,TRUE
17,Female,6.2,Smartphone,6.5,2,TRUE
17,Female,5.8,Smartphone,7.9,3,TRUE
16,Male,4.6,Smartphone,7.1,4,TRUE
18,Male,5,Smartphone,7.5,2,FALSE
16,Male,2.9,Smartphone,7.2,4,FALSE
15,Female,3.2,Smartphone,9.8,5,TRUE
22,Female,12.4,Smartphone,5.7,1,TRUE
18,Male,7.7,Smartphone,5.4,2,TRUE
17,Female,4.7,Smartphone,6.1,2,TRUE
19,Male,4.4,Smartphone,7.3,3,TRUE
19,Male,7.8,Smartphone,4.6,1,TRUE
20,Female,4.3,Smartphone,6.8,4,FALSE
20,Male,6.5,Smartphone,7.1,2,TRUE
21,Male,3.1,Tablet,6.3,3,TRUE
18,Female,8.5,Smartphone,5.4,1,TRUE
20,Female,5.6,Smartphone,6.5,2,TRUE
17,Male,5.4,Smartphone,6.7,1,TRUE
17,Female,5.6,Smartphone,7.7,4,TRUE
18,Male,6,Smartphone,7.4,3,TRUE
17,Male,4,Smartphone,7.4,3,TRUE
19,Female,3.2,Smartphone,8.4,4,TRUE
20,Male,4.9,Smartphone,6.1,2,FALSE
17,Female,11.8,Smartphone,4.5,1,TRUE
19,Male,3.6,Smartphone,5.4,2,FALSE
20,Male,7.8,Smartphone,6.3,1,TRUE
17,Male,4,Smartphone,7.1,4,FALSE
16,Male,6.9,Smartphone,6.2,2,TRUE
22,Female,2.7,Smartphone,8.8,4,TRUE
19,Male,3.5,Smartphone,8,4,FALSE
18,Female,4.9,Smartphone,7.2,3,FALSE
15,Female,6.1,Smartphone,6.4,2,FALSE
18,Male,3,Smartphone,6.7,3,FALSE
19,Female,3.1,Smartphone,7.4,2,FALSE
18,Male,8.3,Smartphone,4.5,2,FALSE
19,Male,6.1,Smartphone,6.7,3,TRUE
20,Female,7.3,Smartphone,4.2,1,TRUE
18,Female,8.7,Smartphone,4.6,1,TRUE
25,Female,2.8,Smartphone,7.8,4,FALSE
17,Male,4.9,Smartphone,5.8,3,TRUE
18,Female,3.1,Smartphone,7.9,3,FALSE
24,Female,2.8,Smartphone,7.7,4,FALSE
18,Male,5.6,Smartphone,7.4,2,FALSE
20,Male,3.5,Smartphone,6,2,FALSE
19,Female,2.5,Smartphone,7.6,4,TRUE
18,Male,6.5,Smartphone,6,2,TRUE
21,Male,2.7,Smartphone,7.2,4,FALSE
18,Female,5.6,Smartphone,7.5,2,TRUE
18,Prefer not to say,3.1,Smartphone,8.3,4,FALSE
19,Female,5.8,Smartphone,6.3,2,TRUE
18,Male,2.9,Smartphone,9.2,3,TRUE
20,Female,3.4,Laptop/PC,6.3,3,FALSE
15,Male,2.5,Smartphone,6.8,3,FALSE
20,Male,5.7,Smartphone,5.7,3,TRUE
19,Male,3.1,Smartphone,7.4,3,TRUE
17,Female,3.3,Smartphone,6.8,3,FALSE
18,Female,5,Laptop/PC,7.4,3,FALSE
18,Male,4.6,Smartphone,7.2,2,FALSE
19,Female,7.6,Smartphone,7.4,3,TRUE
18,Male,12.8,Smartphone,6.1,1,TRUE
19,Male,2.7,Smartphone,9,5,FALSE
16,Female,4.7,Smartphone,8.1,3,FALSE
19,Female,4.7,Laptop/PC,6.8,3,FALSE
18,Female,3.9,Tablet,7.8,3,TRUE
19,Male,4.5,Smartphone,6.6,2,TRUE
20,Female,6.8,Smartphone,5,2,FALSE
20,Female,6.3,Smartphone,7.1,2,TRUE
19,Male,1.8,Smartphone,7.4,3,FALSE
18,Female,2.5,Laptop/PC,8.9,4,TRUE
18,Female,9.5,Smartphone,4.2,1,TRUE
18,Female,2.2,Smartphone,6.5,3,TRUE
22,Female,7.9,Laptop/PC,5.1,1,TRUE
17,Female,4.4,Smartphone,7.4,2,FALSE
21,Female,2.5,Smartphone,8.6,5,TRUE
18,Female,7.8,Smartphone,5.3,1,TRUE
20,Female,14,Smartphone,4.3,1,TRUE
17,Female,6.8,Smartphone,6.4,2,FALSE
18,Male,7.1,Smartphone,6.1,1,TRUE
21,Female,4.3,Smartphone,7.4,3,TRUE
18,Male,5.4,Tablet,7,2,FALSE
16,Non-Binary,3.8,Smartphone,5.5,2,FALSE
15,Female,4.2,Smartphone,5.5,2,TRUE
20,Female,2.3,Smartphone,7.9,4,FALSE
18,Male,3.9,Smartphone,6.1,2,FALSE
21,Male,6,Smartphone,7,3,TRUE
18,Non-Binary,3.9,Smartphone,8.5,4,TRUE
20,Male,4,Smartphone,7.3,3,TRUE
18,Male,2.6,Smartphone,6.1,2,FALSE
19,Female,7,Smartphone,6.3,3,TRUE
21,Male,3.5,Smartphone,9.3,4,FALSE
15,Female,4.9,Laptop/PC,6.5,2,FALSE
17,Female,2.1,Smartphone,7.9,3,TRUE
15,Female,3.6,Smartphone,9,4,FALSE
20,Non-Binary,5.1,Smartphone,5.4,1,TRUE
21,Female,4,Smartphone,7.8,3,TRUE
16,Male,5.8,Smartphone,7.1,1,FALSE
26,Male,2.5,Smartphone,7,4,FALSE
19,Female,2.2,Smartphone,5.8,3,TRUE
20,Female,6,Smartphone,7.3,2,TRUE
18,Male,13.2,Smartphone,4.1,1,TRUE
17,Female,5.3,Smartphone,7.4,2,TRUE
19,Female,3.7,Smartphone,8,3,FALSE
17,Female,2.3,Smartphone,8,4,FALSE
18,Male,4.6,Smartphone,7.8,3,FALSE
18,Male,3.6,Smartphone,7.4,3,FALSE
18,Female,9.2,Laptop/PC,5.5,1,TRUE
17,Female,5.8,Smartphone,5.9,1,TRUE
17,Female,5.1,Smartphone,5.4,1,TRUE
20,Female,7.9,Smartphone,5.3,1,TRUE
19,Male,5.4,Smartphone,5.4,3,TRUE
21,Male,5.8,Smartphone,6.8,2,FALSE
21,Male,9.9,Smartphone,4.4,1,TRUE
19,Male,6,Laptop/PC,5,1,TRUE
15,Male,7.4,Smartphone,5.9,1,TRUE
20,Male,10.4,Smartphone,3.8,1,TRUE
22,Female,5.3,Smartphone,6.4,3,FALSE
17,Male,6.4,Smartphone,5.6,1,TRUE
18,Male,6.6,Smartphone,6.7,2,TRUE
17,Male,4.9,Smartphone,6.7,2,FALSE
15,Male,4.9,Smartphone,7.3,2,TRUE
16,Female,8.4,Smartphone,6.8,2,TRUE
18,Male,4.3,Smartphone,7.9,3,FALSE
18,Female,10.9,Smartphone,4.7,1,TRUE
17,Male,7.1,Smartphone,5.9,1,TRUE
15,Male,8.4,Smartphone,5.4,1,TRUE
16,Female,4.4,Smartphone,6.8,3,FALSE
15,Female,1.2,Smartphone,8.8,4,FALSE
18,Female,8,Smartphone,6.7,2,TRUE
18,Female,3.5,Smartphone,8.8,3,TRUE
18,Non-Binary,4.9,Smartphone,7.1,3,FALSE
19,Male,6.3,Smartphone,4.7,2,TRUE
21,Male,5.1,Smartphone,8.9,3,TRUE
17,Female,8.7,Smartphone,4.8,1,TRUE
17,Female,2.3,Smartphone,6.8,3,FALSE
16,Female,14,Smartphone,3.7,1,TRUE
15,Male,12.6,Smartphone,6.9,1,TRUE
16,Female,2.9,Smartphone,7.7,3,FALSE
20,Male,4.2,Smartphone,7.1,2,TRUE
17,Female,5.8,Laptop/PC,6.8,3,TRUE
19,Female,4.6,Smartphone,4.3,1,TRUE
17,Female,2.8,Smartphone,7.2,3,TRUE
18,Prefer not to say,7.9,Smartphone,4.6,1,TRUE
19,Male,11.2,Smartphone,5.2,1,TRUE
19,Male,2.2,Laptop/PC,7.4,4,TRUE
17,Male,7.3,Laptop/PC,5.9,1,TRUE
20,Male,7.8,Smartphone,5.2,1,TRUE
16,Female,9,Smartphone,5,1,TRUE
18,Female,5,Laptop/PC,8.6,4,FALSE
17,Female,10.8,Smartphone,5.6,1,TRUE
18,Female,4,Smartphone,6.5,2,FALSE
17,Female,7.8,Smartphone,5,2,TRUE
19,Female,10.4,Smartphone,4.3,1,TRUE
20,Female,8.5,Smartphone,4.3,1,TRUE
22,Female,4.1,Smartphone,8.4,3,TRUE
15,Female,11.7,Laptop/PC,5.6,1,TRUE
17,Male,6.2,Laptop/PC,5.4,1,TRUE
18,Male,2.4,Smartphone,8.4,5,TRUE
18,Female,4.7,Smartphone,7.6,3,FALSE
18,Female,3.3,Smartphone,9,5,TRUE
17,Male,2.9,Tablet,7.3,3,TRUE
18,Female,8.6,Smartphone,5.1,1,TRUE
21,Female,2.6,Smartphone,6.6,2,FALSE
19,Prefer not to say,13.6,Laptop/PC,4.6,1,TRUE
16,Male,5.1,Smartphone,6.5,2,TRUE
20,Female,2,Smartphone,6.7,3,TRUE
20,Female,4.6,Smartphone,8.1,3,FALSE
17,Female,4.3,Smartphone,7.2,2,FALSE
20,Female,12.6,Smartphone,4.3,1,FALSE
22,Female,5.8,Smartphone,5.7,3,TRUE
19,Female,2,Smartphone,7.9,3,TRUE
21,Male,2.3,Smartphone,5.9,1,TRUE
22,Male,6.9,Tablet,5.5,2,TRUE
17,Female,4,Smartphone,6.6,2,TRUE
19,Non-Binary,4.5,Smartphone,8.2,4,FALSE
18,Female,5,Smartphone,5.9,3,TRUE
25,Male,2.5,Laptop/PC,8.6,4,FALSE
20,Female,2.5,Smartphone,7.4,3,FALSE
17,Male,2.7,Smartphone,6.5,3,FALSE
17,Female,7.2,Smartphone,6.2,2,TRUE
17,Female,3.9,Laptop/PC,7.7,3,TRUE
15,Female,4.3,Smartphone,7.9,4,FALSE
20,Male,4.9,Smartphone,7,3,TRUE
21,Non-Binary,2.5,Laptop/PC,7,4,TRUE
19,Female,4.9,Smartphone,5.9,3,TRUE
20,Female,4.4,Tablet,6.5,3,FALSE
18,Male,8.9,Smartphone,5.1,1,TRUE
18,Female,2.7,Smartphone,8.2,4,FALSE
18,Male,2.9,Laptop/PC,8.3,4,TRUE
23,Female,4.4,Smartphone,6.3,3,TRUE
17,Female,4.4,Smartphone,8.1,4,FALSE
18,Female,4.2,Smartphone,6,1,FALSE
20,Male,3.2,Laptop/PC,6.9,3,FALSE
19,Female,8.8,Smartphone,6.7,2,TRUE
21,Male,6.9,Smartphone,5.4,1,TRUE
20,Male,4.3,Smartphone,6.8,2,FALSE
19,Female,4.3,Smartphone,6.8,3,FALSE
18,Male,3.5,Smartphone,8.2,4,FALSE
20,Male,3.8,Smartphone,7,3,FALSE
21,Female,10.9,Smartphone,4.4,1,TRUE
20,Male,5.3,Smartphone,6.4,2,TRUE
16,Male,3.5,Laptop/PC,6.4,3,FALSE
19,Male,6.9,Smartphone,8.1,1,TRUE
18,Male,13.4,Smartphone,5.2,1,TRUE
20,Female,3.3,Smartphone,7.2,3,FALSE
22,Female,3.6,Smartphone,7.9,4,TRUE
20,Female,11.5,Smartphone,3,1,TRUE
19,Male,3.1,Laptop/PC,7.6,4,TRUE
17,Female,5.1,Smartphone,5.8,2,TRUE
18,Male,2.4,Smartphone,8.6,2,FALSE
20,Female,2.6,Smartphone,8.1,3,FALSE
19,Male,3.1,Laptop/PC,7.5,2,TRUE
18,Female,3.3,Laptop/PC,8.6,4,FALSE
17,Male,3.3,Smartphone,6,2,FALSE
21,Male,4,Smartphone,6.8,2,FALSE
17,Male,11,Smartphone,5.3,1,TRUE
15,Non-Binary,3,Smartphone,6.9,3,FALSE
20,Female,3.2,Smartphone,7.5,4,FALSE
15,Female,7.3,Smartphone,7.2,2,TRUE
21,Male,13.1,Smartphone,3.8,1,TRUE
17,Male,1.2,Laptop/PC,8.2,3,FALSE
16,Male,4.4,Smartphone,5.5,2,TRUE
23,Female,6.3,Smartphone,4.3,2,TRUE
17,Male,6.4,Laptop/PC,5.6,1,TRUE
18,Male,6.8,Smartphone,6.5,2,TRUE
17,Male,14,Smartphone,3.6,1,TRUE
17,Male,6.2,Smartphone,6.6,3,TRUE
18,Female,7,Smartphone,6.6,1,FALSE
18,Female,11,Smartphone,4.5,1,TRUE
18,Male,5,Smartphone,6,2,FALSE
16,Male,2.4,Smartphone,7.7,3,FALSE
19,Female,4.5,Smartphone,7,3,FALSE
19,Female,6.6,Smartphone,6,2,TRUE
20,Female,2.1,Smartphone,7.2,4,TRUE
19,Male,5.4,Laptop/PC,6.2,2,TRUE
18,Male,3.2,Smartphone,7,2,FALSE
17,Male,6.4,Smartphone,6,2,TRUE
16,Male,6.3,Smartphone,6.4,2,TRUE
24,Male,4.2,Smartphone,6.4,2,TRUE
21,Male,4.3,Smartphone,6,2,TRUE
20,Prefer not to say,8.2,Smartphone,6.3,2,TRUE
17,Female,6.3,Laptop/PC,5.6,2,TRUE
18,Male,8.8,Smartphone,6.3,2,FALSE
25,Male,4.1,Smartphone,5.3,2,TRUE
19,Male,3.4,Smartphone,7.1,4,FALSE
20,Male,6.1,Smartphone,6,1,TRUE
18,Male,3,Smartphone,6.8,3,FALSE
17,Female,5.8,Smartphone,5.2,2,TRUE
21,Female,12.6,Smartphone,4.1,1,TRUE
17,Female,3.3,Smartphone,6.7,3,FALSE
20,Female,3.9,Smartphone,6.6,2,FALSE
23,Prefer not to say,2.6,Smartphone,9.1,3,TRUE
20,Male,10.8,Smartphone,5.3,1,TRUE
20,Female,3.9,Smartphone,7.2,3,FALSE
24,Female,2.8,Smartphone,6.3,2,TRUE
17,Female,6.7,Laptop/PC,6.6,2,TRUE
17,Female,7.5,Smartphone,5.7,1,TRUE
19,Female,5.5,Smartphone,6.3,3,TRUE
20,Male,10.6,Smartphone,4.9,1,TRUE
21,Female,3.2,Smartphone,7.1,1,FALSE
16,Male,5,Smartphone,6.1,2,FALSE
16,Female,8.2,Smartphone,7.3,3,TRUE
26,Male,3.6,Smartphone,7.4,2,TRUE
18,Female,2.9,Smartphone,8.1,5,TRUE
18,Male,6,Smartphone,5.6,2,TRUE
17,Male,5.2,Tablet,5.6,2,TRUE
19,Non-Binary,8.6,Smartphone,4.7,1,TRUE
19,Male,1.7,Smartphone,7.9,4,FALSE
17,Female,4.9,Smartphone,5.9,2,TRUE
18,Male,1.8,Tablet,6,3,TRUE
21,Male,3.2,Smartphone,7.7,3,FALSE
15,Female,3.9,Smartphone,7.6,3,FALSE
18,Female,6.7,Smartphone,6.2,1,TRUE
21,Female,4.2,Smartphone,6.4,2,TRUE
20,Female,5.7,Laptop/PC,5.3,2,TRUE
22,Prefer not to say,5,Smartphone,6.5,3,FALSE
16,Male,6.4,Smartphone,6.8,2,TRUE
19,Female,3,Smartphone,7.3,3,FALSE
16,Female,2.8,Smartphone,7.8,3,TRUE
18,Female,4.7,Smartphone,6.7,3,FALSE
23,Female,8,Laptop/PC,5.8,1,TRUE
19,Male,6.7,Smartphone,7,3,FALSE
17,Male,3.5,Laptop/PC,6.7,3,FALSE
21,Male,2.5,Laptop/PC,8.7,3,TRUE
23,Female,7,Smartphone,6.3,2,FALSE
17,Female,4.7,Laptop/PC,5.3,2,TRUE
20,Female,4.5,Smartphone,7.1,2,FALSE
17,Female,2.9,Smartphone,6.8,3,TRUE
19,Male,10.1,Smartphone,5.1,1,TRUE
18,Female,3.5,Smartphone,7.9,4,FALSE
21,Male,3.9,Smartphone,7.9,3,TRUE
16,Male,3.8,Smartphone,6.5,2,TRUE
18,Female,4.6,Smartphone,7,2,TRUE
19,Female,5.3,Smartphone,6.2,2,TRUE
15,Female,7.7,Smartphone,6,2,TRUE
23,Female,5.6,Smartphone,4.9,1,TRUE
17,Female,2.6,Smartphone,9.2,4,FALSE
16,Male,3.5,Smartphone,6.5,3,FALSE
20,Male,2.1,Smartphone,7.1,3,FALSE
20,Female,2.6,Laptop/PC,7.3,3,FALSE
18,Male,4.8,Smartphone,6.7,2,TRUE
19,Female,5.2,Smartphone,7.8,3,TRUE
19,Female,2.7,Smartphone,7.4,3,TRUE
17,Female,3.1,Smartphone,8.3,3,FALSE
21,Female,4.3,Smartphone,7.2,3,TRUE
20,Male,2.9,Smartphone,8.8,4,FALSE
18,Female,4.3,Smartphone,6.8,3,FALSE
18,Female,4.4,Smartphone,6,2,FALSE
18,Male,7,Smartphone,6.7,2,TRUE
20,Male,3.7,Smartphone,6.8,2,FALSE
16,Male,3.8,Smartphone,7.4,3,FALSE
19,Male,4,Smartphone,7.6,3,TRUE
18,Male,5.4,Smartphone,7.7,3,TRUE
18,Non-Binary,10,Tablet,3.9,1,TRUE
19,Female,3.6,Smartphone,8.2,3,FALSE
19,Female,6.1,Smartphone,6.6,2,TRUE
19,Prefer not to say,2.2,Smartphone,8.4,4,TRUE
18,Female,4.4,Smartphone,7.8,3,FALSE
19,Male,3,Smartphone,8.5,3,FALSE
21,Male,2.6,Smartphone,6.3,3,FALSE
18,Female,5.8,Smartphone,5.6,2,TRUE
19,Female,13.3,Smartphone,3,1,FALSE
17,Male,6.5,Smartphone,6.4,2,TRUE
17,Female,7.4,Laptop/PC,5.5,2,TRUE
19,Male,12.4,Smartphone,5.8,1,TRUE
18,Male,4.7,Smartphone,6.4,2,FALSE
20,Female,4.9,Smartphone,6.3,2,FALSE
18,Female,6,Smartphone,7,3,TRUE
21,Female,6,Laptop/PC,7.2,3,TRUE
19,Female,11.6,Laptop/PC,5.2,1,TRUE
20,Female,5,Smartphone,7.4,2,FALSE
19,Male,2.6,Laptop/PC,8.7,5,TRUE
20,Female,4.1,Smartphone,6.6,2,TRUE
18,Female,2.2,Smartphone,7.7,4,FALSE
19,Non-Binary,2.7,Smartphone,8.4,3,FALSE
18,Female,4.9,Smartphone,7.3,3,TRUE
18,Male,9.1,Smartphone,6.6,2,TRUE
19,Male,9.6,Smartphone,6,2,FALSE
18,Female,5.7,Smartphone,7.2,3,TRUE
21,Male,11.2,Smartphone,4.8,1,TRUE
18,Female,9.2,Smartphone,5.6,2,TRUE
20,Male,8.4,Smartphone,5.5,1,TRUE
19,Male,9.5,Smartphone,5.1,1,TRUE
17,Female,3.3,Smartphone,6.2,4,FALSE
17,Male,4.6,Smartphone,5.1,1,FALSE
19,Prefer not to say,3.1,Smartphone,9,5,TRUE
22,Female,3.6,Smartphone,8.7,4,TRUE
16,Male,4.7,Smartphone,6.1,2,FALSE
18,Female,2.4,Smartphone,8.7,4,FALSE
21,Male,9.9,Smartphone,5,1,TRUE
24,Female,6.9,Tablet,5.2,2,TRUE
24,Female,3.6,Laptop/PC,7.7,3,TRUE
18,Female,9.1,Smartphone,5.4,3,FALSE
16,Female,4.6,Smartphone,6.8,2,TRUE
18,Female,3.2,Smartphone,7.2,3,TRUE
19,Female,4.6,Smartphone,5.8,2,TRUE
17,Male,1.8,Smartphone,7.6,3,FALSE
21,Female,5.1,Smartphone,7.3,3,TRUE
19,Male,2.9,Smartphone,7.2,4,FALSE
18,Male,4.5,Smartphone,6.4,1,FALSE
19,Female,7.3,Smartphone,5.7,1,TRUE
19,Prefer not to say,5.4,Smartphone,6.2,2,TRUE
19,Male,2,Smartphone,8.5,3,FALSE
16,Male,4.9,Smartphone,7.5,2,FALSE
21,Male,7.1,Smartphone,5.5,1,TRUE
20,Female,3.2,Smartphone,7.3,3,FALSE
19,Male,4.9,Smartphone,7.4,3,FALSE
21,Female,6.5,Smartphone,6.5,3,TRUE
24,Female,5.4,Laptop/PC,6.3,3,TRUE
17,Female,1.2,Smartphone,9.2,4,TRUE
18,Female,4,Smartphone,8,3,FALSE
19,Male,2.3,Tablet,7.7,2,TRUE
17,Female,2.7,Smartphone,7.4,3,TRUE
18,Male,1.9,Laptop/PC,8.8,4,TRUE
18,Female,8.6,Laptop/PC,6,1,TRUE
17,Female,11.1,Smartphone,4.6,1,TRUE
21,Female,5,Smartphone,7.3,3,TRUE
21,Female,3.8,Smartphone,9.1,4,TRUE
19,Male,3.4,Smartphone,8.4,3,TRUE
15,Female,5,Tablet,8.8,4,TRUE
18,Male,2.6,Smartphone,7.7,3,TRUE
20,Male,4.5,Smartphone,8.2,4,TRUE
17,Female,5.3,Smartphone,6.5,3,TRUE
21,Male,7.6,Smartphone,6.5,1,TRUE
20,Male,2.5,Smartphone,8.2,4,FALSE
20,Female,7,Smartphone,5.4,2,TRUE
17,Prefer not to say,8.8,Smartphone,6.2,1,TRUE
19,Male,3.5,Smartphone,7.2,4,TRUE
21,Prefer not to say,2.8,Smartphone,7.2,4,TRUE
19,Male,4,Smartphone,6.3,3,FALSE
18,Female,9.7,Smartphone,4.2,1,TRUE
22,Male,3.6,Smartphone,7,4,TRUE
18,Female,4.5,Smartphone,8.2,4,TRUE
16,Male,5.2,Smartphone,5.7,3,TRUE
16,Male,5.8,Smartphone,7.8,3,TRUE
19,Female,3.8,Smartphone,6.6,3,FALSE
19,Male,7.7,Smartphone,6,2,TRUE
16,Male,4.6,Laptop/PC,7.1,3,FALSE
24,Male,1.8,Smartphone,6.8,3,TRUE
